Genome_ID	SRR5930493	SRR5930494	SRR5930495	SRR5930497	SRR5930498	SRR5930499	SRR5930501	SRR5930502	SRR5930503	SRR5930504	SRR5930505	SRR5930506	SRR5930507	SRR5930508	SRR5930509	SRR5930510	SRR5930511	SRR5930512	SRR5930513	SRR5930514	SRR5930515	SRR5930516	SRR5930517	SRR5930518	SRR5930519	SRR5930520	SRR5930521	SRR5930522	SRR5930523	SRR5930526	SRR5930527	SRR5930528	SRR5930529	SRR5930530	SRR5930531	SRR5930532	SRR5930533	SRR5930534	SRR5930536
BGC0000730	0.850753243	5.99E-06	1.21E-26		0.000242066	6.28E-05		6.90E-05	1.02E-13	4.17E-05	1.40E-13		0.00028803	0.002910258	8.28E-06	0.01112796	1.03E-07	0.004562509	2.41E-06	0.003972458	1.06E-06	0.007917938	5.65E-05	0.000828639	0.000686464	0.005231762	1.46E-06	0.000873883	0.051082364	0.000213072		1.45E-05		9.81E-14		1.17E-27	0.136249942	0.001828644	
BGC0001575	0.067978678	0.13685	0.006320249	0.909728696	0.540395595	0.001314418	0.134143452	0.711688103	0.642868794	0.507044458	0.829524249	0.302478181	0.654428704	0.189005972	0.025527775	0.036628607	0.841532977	0.547662247	0.220653939	0.037332967	0.187395968	0.384395242	0.000539702	0.678469646	0.212742321	0.395632908	0.381966548	0.055582602	0.000632468	0.754473515	0.660482418	0.405043285	0.869829628	0.208298798	0.794698137	0.534555128	0.322464211	0.685864822	0.979165317
BGC0001555	0.0314733	0.042292293	0.000524639	0.009932637	0.037235364	0.032834071	0.053697256	0.132411324	0.004518529	3.03E-05	4.65E-06	0.062248171	0.039054728	0.038839466	0.174060995	0.005635382	0.0291091	0.005528666	0.010237107	0.338231376	0.106301891	0.147233402	0.139406153	0.012506407	0.000100025	0.04798421	0.001575788	0.07082391	0.518918978	0.031442628	1.61E-25	0.041077966	0.015595407	0.226454093	0.001266198	0.00043948	0.162441876	0.113856922	0.001848064
BGC0001055	0.019361553	0.17240331	0.002129407	0.016493506	0.111475851	0.242870936	0.19070587	0.128137999	0.001502418	0.000140306	0.001080979	0.23206149	0.117880946	0.520551943	0.021347401	0.204978656	0.046609425	0.000115903	0.028575505	0.344193835	0.233592191	0.193910185	0.345353344	0.003742867	0.000200657	0.089762102	0.002276864	0.238792335	0.070634105	0.00552415		0.014588409	0.061764932	0.383371258	0.000288946	0.000412812	0.036129165	0.029158687	0.000833874
BGC0000799	0.00763258	0.003150587	1.99E-06	0.000385925	0.002314197	0.004136625	0.00735812	0.002551065	0.000945594	0.000108231	6.21E-05	0.004346177	0.001460513	0.017299281	0.010956329	0.00047318	0.00169015	1.42E-05	1.74E-05	0.006866058	0.002311116	0.008319826	0.005089537	0.006223537	1.83E-05	0.003411904	1.43E-05	0.00967445	0.20652159	0.003959882		9.78E-08	0.002019127	0.006652881	0.000173287	6.76E-05	0.000427163	0.001489549	0.000236102
BGC0000731	0.00718427					6.28E-05																																	
BGC0000776	0.004050196	0.076073075	0.002169925	0.004670216	0.050562777	0.10680909	0.057472912	0.012473661	0.000454481	9.98E-06	5.53E-06	0.021782735	0.010644711	0.071075753	0.001995567	0.001125869	0.003438881	0.000101012	0.009389578	0.015581887	0.062641872	0.021381494	0.088920022	0.001694505	2.40E-08	0.000150701	0.000255824	0.091626137	0.053033969	0.001934436		0.000540088	0.002720857	0.037966023	0.000272444	6.45E-05	0.010398616	0.000781773	0.000175838
BGC0001325	0.002979932	0.002373163	0.008116108	0.007114935	0.000779989	0.001003946	0.002714578	0.000268387	0.001373659	0.000478242	0.001589785	0.00698839	0.005381856	0.002979869	0.009884877	0.011316271	0.010347079	0.006492204	0.009214449	0.002234645	0.000869097	0.00198861	1.14E-26	0.024303777	4.33E-05	0.001297204	0.035298015	3.82E-07	0.011906261	0.022578496	0.000450266	0.000696198	0.000565993	0.000325595	0.009115108	0.017477436	0.001706399	0.001766129	0.002667907
BGC0000230	0.002190523	0.000693565		0.000145917	0.000565079	0.001334163	0.001295735	0.000750024	2.94E-26			0.001016507	0.000480291	0.004578074	0.004948982	9.14E-10	0.000133641	1.90E-08	0.000364276	0.001322215	0.000999496	0.005797631	0.001504408	0.000342655	3.31E-10	1.38E-10		0.001979678	0.006264167	0.000171488		0.000135568	0.000517856	0.001158814	2.74E-25	1.21E-07	3.99E-08	4.38E-09	1.89E-07
BGC0001816	0.001512204	2.23E-26		2.19E-06	0.000243081	1.97E-10	4.92E-09		3.34E-09		0.000164385	0.000484341	2.32E-05	0.000280639	5.19E-08	0.000112378	0.013395698	4.59E-09	0.006469885	2.89E-07	0.032718121	0.002884239	0.043595168	2.41E-30	1.98E-09	0.000527854	0.000257425	4.27E-06		2.46E-27	0.000266381	1.41E-06	1.00E-07	0.083707353	4.27E-10	5.19E-11	0.003628927	4.44E-27	
BGC0000773	0.001180904	0.000196371		6.67E-13	0.000800223	0.000624975	0.000628036	0.003646208	1.75E-05			0.004716313	0.004958643	0.005409941	0.000444476	4.35E-25	0.000843133	1.13E-12	0.001388117	0.018108567	0.000870587	0.000385183	0.00164311	2.13E-10			2.63E-14	0.001847851	3.58E-05	0.015988015			0.018197673	0.003307141	6.01E-30		2.12E-06	2.83E-28	
BGC0000087	0.001016998	0.16166253	3.10E-28	0.00019622		3.38E-26	0.010200093	0.003873016	0.000945199	3.55E-05		0.006204041	0.004073907	0.001807082	2.26E-25	0.000375718		0.180991934	0.001416393	0.000502316	0.019849887	0.013063557	0.025143577		4.62E-28	2.28E-09	0.000111203	0.007499274	3.27E-08	0.003490512	0.000219501	4.66E-05		0.036215425			0.00207996	4.77E-26	0.000163742
BGC0000491	0.000905544		5.86E-29																																				
BGC0000588	0.000685539	1.31E-27		1.83E-07	0.000145118	5.05E-05	1.52E-05	0.001946305	2.34E-27		4.33E-06	0.002525705	0.002144476	0.001719051	4.23E-05		0.000312646	1.15E-27	3.24E-05	2.77E-07	0.003765336	0.005734539	0.001389324	2.82E-28				0.000848341					7.86E-05	0.001644408	3.47E-25	3.85E-07	0.000178472	9.15E-10	1.62E-05
BGC0000413	0.000677162	9.19E-06	3.79E-07	1.54E-06	7.56E-05	4.49E-05	0.000287037	3.00E-05	2.50E-05	1.47E-10	8.42E-06	0.000476891	1.35E-06	0.000168742	7.30E-06	4.72E-05	5.31E-06	0.000393229	2.97E-05	3.04E-05	3.31E-05	9.43E-05	1.19E-05	4.75E-05	3.92E-05	5.91E-05	0.000111738	5.36E-05	0.000400374	1.41E-05	2.46E-05	1.11E-06	1.76E-05	0.000113417	1.34E-05	3.30E-08	0.000600595	4.26E-05	4.70E-07
BGC0000547	0.000367762	0.000155723	1.09E-05	0.001012054	0.000436124	0.000333477	0.002057041	0.000827025	9.11E-07	0.000867519	0.022892185	0.000585347	0.002755754	0.000163237	0.001162498	4.51E-13	0.002400177	4.72E-05	0.003207396		1.02E-08	8.97E-05	1.30E-05	0.000276483	3.15E-05	0.005650093	0.000520418	0.00020206	3.87E-06	0.001300905	0.001823978	0.000473679	2.52E-06	0.000393888	0.006254373	0.037933553	0.000173219	0.000504975	0.000125435
BGC0000803	1.86E-05				1.40E-05	0.000804821			4.82E-26	3.32E-08		1.76E-30		2.01E-05	0.001357098	3.29E-07					4.03E-06		0.004572406	0.002062374	3.64E-27			0.000597229			0.000118699					0.000694186		7.31E-30	
BGC0000412	1.58E-05				2.58E-07		0.001191825		0.001291768		4.58E-06			0.000202531			5.80E-05	7.02E-06										0.000130697							6.17E-05	0.000145245			
BGC0001060	8.53E-06	1.28E-10	3.25E-09	2.55E-07	2.15E-07	2.14E-05	5.78E-13	1.29E-11	1.40E-05	3.70E-06	1.38E-07	2.61E-06	3.56E-06	3.32E-11	2.54E-06	1.06E-06	2.45E-08	2.98E-06	5.24E-05	9.72E-06	7.25E-14	2.51E-09	1.71E-07	8.85E-06	9.89E-07	1.79E-09	1.43E-09	1.26E-05	1.37E-07	3.58E-06	2.80E-06	3.63E-07	3.09E-07	9.08E-06	3.82E-09	5.72E-06	5.24E-10	3.27E-11	4.54E-06
BGC0000749	4.85E-06						6.80E-11	4.59E-10	6.45E-31		8.01E-09	3.62E-10	6.97E-11	4.26E-09	2.21E-12	1.47E-07	1.37E-14	1.25E-08			4.61E-10	1.74E-10	1.27E-28	2.18E-12	1.29E-13	7.24E-09	3.01E-15	4.09E-10	6.16E-06	2.68E-11		4.73E-10		1.39E-11	9.86E-30		1.03E-06	9.59E-12	
BGC0000758	1.30E-06											1.01E-31		7.09E-13												0.000734163		5.43E-05			2.51E-06					6.46E-27	5.95E-28		
BGC0000729	1.36E-07													1.40E-05	0.000585055	3.33E-10						0.130444782		2.93E-06		3.30E-05						7.32E-12		5.45E-26	2.24E-25	3.20E-05	6.97E-12	9.35E-31	6.78E-08
BGC0001729	9.54E-08		8.01E-08		1.18E-31									4.49E-31	2.24E-28		8.45E-09	2.35E-09						1.72E-09			1.48E-11	1.78E-31				3.49E-09				8.54E-30			
BGC0000913	9.47E-08	4.32E-29			4.11E-29	2.67E-12	1.47E-29	1.51E-10				2.85E-29		1.55E-12	1.89E-28	1.29E-13		4.73E-07			1.66E-29	4.34E-13	5.10E-29	1.22E-29	2.62E-15	6.24E-07		2.88E-29	1.79E-13					1.98E-28	5.10E-30		1.54E-12	5.42E-10	
BGC0000790	7.68E-08		6.92E-29		4.93E-10		9.25E-06		1.07E-29					0.000107703	3.13E-08	4.84E-27	7.92E-12					7.04E-29					3.62E-09	9.16E-05						3.07E-08			2.64E-11		
BGC0001685	3.71E-08	4.95E-31	1.77E-30		2.42E-28	9.97E-29	2.44E-31					1.01E-31		3.14E-14	1.16E-30	3.00E-11		0.034342133	0.000133562	1.51E-13	5.95E-15	3.52E-30	7.93E-31	8.45E-14	2.35E-28	3.77E-08		2.35E-12				3.88E-11		4.16E-31		2.32E-30	6.31E-09	3.26E-11	
BGC0000789	2.39E-08	4.91E-06	6.37E-10	2.05E-08	9.95E-08	1.73E-05	7.32E-08	2.64E-06	1.05E-09	1.62E-11	2.25E-09	2.77E-06	2.26E-06	1.70E-06	1.55E-07		1.04E-07	5.32E-15		2.05E-06	5.91E-08	9.67E-06	3.86E-07	2.78E-06	9.28E-11	6.86E-09	4.14E-10	6.37E-07	9.12E-06	7.39E-09		1.89E-10	1.19E-06	3.42E-06	1.56E-12	3.90E-27	4.34E-11	1.57E-08	6.25E-11
BGC0000943	1.24E-08													0.000662905												0.00683721		0.003086734			0.000989991								
BGC0001684	1.15E-08	4.57E-08			0.000662595			1.93E-14						8.60E-31		2.14E-08	9.27E-06			1.49E-12		2.62E-29		2.37E-14	3.11E-10	1.32E-11	2.91E-29	3.92E-07	1.38E-05								0.0908113	5.96E-11	
BGC0000297	8.04E-09	2.25E-08	4.26E-08	4.93E-08	4.53E-08	3.95E-09	8.81E-09	6.33E-09	2.50E-08	1.20E-08	7.60E-09	1.35E-08	4.14E-08	2.66E-09	1.12E-08	1.35E-09	3.11E-07	1.02E-07	4.49E-09	1.43E-09	1.09E-09	1.33E-06	1.49E-06	7.95E-09	3.38E-08	5.59E-07	4.93E-08	3.03E-08	7.96E-07	2.59E-08	6.13E-08	2.00E-08	9.88E-10	1.12E-08	1.32E-08	3.47E-07	1.46E-09	4.73E-09	1.84E-08
BGC0000526	6.25E-09	0.004557675	0.039714437	0.000166503	0.001295243	0.000285494	2.04E-06	0.000300499	4.96E-05	1.28E-06	0.000263841	0.058472887	4.55E-06	2.23E-06	0.007108035	2.79E-07	0.00666984	0.000329895	0.002326209	0.000212373	1.07E-06	3.77E-06	0.002176508	6.89E-06	7.14E-05	0.000787824	8.00E-06	0.027518805	0.000137458	0.000736922	0.001858027	0.004566758	0.000169068	0.000106529	0.007609937	0.015343863	4.53E-05	2.53E-05	1.50E-06
BGC0000732	6.20E-09	1.79E-06			1.21E-06									3.77E-31		2.36E-08		9.42E-11										8.73E-08		5.61E-14		1.02E-11					0.049898259	9.56E-14	
BGC0001805	1.82E-09				1.91E-10			7.09E-05						9.71E-12		3.95E-11		4.89E-08			7.91E-32			1.90E-29	1.03E-14	0.014083034		1.73E-12	8.82E-09	6.46E-08						3.20E-05	4.95E-09	4.87E-29	
BGC0000446	1.82E-09				1.91E-10			7.09E-05						9.71E-12		3.95E-11		4.89E-08			7.91E-32			1.90E-29	1.03E-14	0.014083034		1.73E-12	8.82E-09	6.46E-08						3.20E-05	4.95E-09	4.87E-29	
BGC0000549	6.06E-10	2.21E-10	1.46E-28	1.21E-06	4.36E-06	4.35E-07	1.29E-05	4.65E-07	5.68E-26	4.84E-06	4.24E-05	6.57E-08	4.33E-07	1.79E-07	1.99E-06	1.92E-30	6.93E-05	6.94E-06					5.23E-10	2.03E-06	9.23E-07	4.98E-05	2.83E-08	1.04E-08	8.26E-08	4.63E-07	2.97E-07		4.00E-07	3.24E-08	1.75E-05	0.00121722	4.30E-06	5.18E-29	1.63E-06
BGC0001701	3.27E-10	3.53E-11	6.99E-07	1.13E-12	9.98E-07		7.14E-30	1.02E-11	1.21E-24		8.68E-10		4.59E-13	5.56E-26	4.11E-14	0.000824405	1.63E-12	0.198842294	0.005046311	0.000296417	2.16E-10	6.21E-07	6.49E-26	0.031943358	0.00033019	0.000589175	4.63E-12	1.46E-12	7.87E-12	5.93E-13	8.80E-08	8.86E-14	2.35E-14	2.86E-11	2.52E-14	1.53E-11	1.78E-13	6.38E-07	
BGC0000954	2.57E-10	4.80E-09	2.31E-10	1.92E-10	7.03E-11	1.31E-09	1.52E-09	5.64E-11	3.26E-10	2.60E-10	1.38E-10	8.04E-10	3.08E-10	8.29E-11	2.52E-10	9.67E-10	8.16E-10	1.29E-10	6.08E-10	2.73E-10	3.27E-11	1.12E-10	3.83E-08	1.38E-10	7.65E-11	4.93E-10	1.06E-10	2.50E-10	1.22E-09	4.88E-10	8.34E-09	3.49E-10	2.52E-10	4.18E-10	1.05E-09	1.86E-10	2.21E-10	1.73E-10	1.07E-09
BGC0000696	1.34E-10	2.08E-06	8.63E-06	6.22E-08	3.19E-11	1.82E-12	1.42E-05	7.60E-08	2.54E-11	3.61E-06	2.37E-07	2.63E-06	3.62E-06	2.20E-07	2.91E-10	6.25E-13	1.36E-08	5.29E-10	5.24E-05	1.96E-10	2.19E-07	4.83E-06	8.31E-08	1.24E-11	5.84E-11	1.46E-06	1.53E-05	4.22E-12	1.36E-07	4.73E-10	2.80E-06	2.44E-07	3.27E-07	2.63E-11	6.68E-06	6.35E-12	1.90E-06	1.13E-06	4.50E-06
BGC0000007	9.17E-11	4.58E-31	6.18E-11	3.75E-11		3.40E-15	8.63E-15	1.24E-12	1.81E-30			3.48E-29	2.90E-12	1.13E-29	7.89E-11	2.74E-13	1.58E-11	5.84E-12			1.31E-30	2.51E-13	8.77E-29	3.82E-12	1.38E-31	2.25E-11	2.47E-11	1.65E-30						5.80E-30	7.67E-28	1.06E-29	9.81E-31	1.63E-12	
BGC0001817	7.71E-11	4.11E-12	8.30E-06	4.82E-10	2.54E-08	3.12E-09	1.26E-06	1.62E-12	7.70E-11	7.42E-12	3.94E-11	1.13E-10	2.63E-12	6.54E-11	5.07E-10	1.20E-09	5.77E-07	1.67E-10		1.20E-10	1.09E-12	2.17E-09	3.62E-11	1.94E-11	1.81E-10	1.99E-10	3.81E-10	3.42E-11	2.85E-12	1.29E-10	5.49E-12	1.30E-11	8.31E-12	1.35E-11	9.03E-10	5.23E-10	1.28E-10	4.07E-11	1.30E-11
BGC0000733	4.15E-11				1.69E-31									1.40E-31		0.012135742	0.000220707	5.84E-12		0.00065607				9.31E-31	0.00042127	1.19E-08		1.92E-06	0.000905465			0.000268439				3.20E-05	0.119153718	2.97E-05	
BGC0000615	2.66E-11	1.03E-12	6.34E-11	4.78E-13	1.24E-12	8.60E-12	3.28E-12	9.19E-13	8.91E-15	5.61E-13	5.31E-12	7.88E-13	5.32E-15	1.77E-12	3.75E-09	2.52E-12	2.57E-13	6.37E-14		4.53E-12	1.73E-12	6.51E-11	6.25E-13	3.40E-12	3.61E-14	3.49E-13	4.55E-13	1.66E-09	1.49E-12	3.05E-13	2.84E-13	2.62E-12	1.15E-11	1.15E-14	8.51E-10	6.41E-05	1.00E-11	1.86E-13	1.30E-11
BGC0000610	1.30E-11	2.17E-13	9.22E-13	1.16E-12	2.76E-14	4.62E-15	6.83E-13	2.59E-15	7.59E-12	1.03E-13	8.82E-14	3.00E-13	1.20E-14	1.85E-14	2.51E-11	3.13E-14	2.65E-13	2.73E-15		1.68E-12	1.40E-29	6.36E-13	3.77E-14	2.89E-14	7.93E-29	3.63E-12	5.74E-12	1.27E-13	2.85E-14	8.29E-13	4.32E-14	2.14E-13	1.33E-14	8.12E-13	8.92E-13	7.60E-13	1.39E-12	9.83E-14	
BGC0000972		0.276692203	0.001437412	0.002319321	0.144104326	0.369252614	0.309042473	4.95E-05		0.000286953		8.56E-28		1.30E-11	2.33E-28	0.004505025	0.001221726	0.000114682	0.051055398	0.003070596	4.16E-05	2.75E-10	5.49E-05			2.31E-08		0.361257336	0.002087866	0.000463045			8.17E-13	4.55E-28			0.059754186	3.23E-06	0.00066257
BGC0001411		0.042696538	0.001804309	0.000784695	0.005218322	0.001409739	0.036616775	2.25E-14	0.135291944	0.036915997	8.80E-14	2.68E-12	6.78E-05	0.043764599	0.254549072	0.154063245	3.56E-10	2.32E-26		0.061288983	0.126347272	4.25E-28	2.95E-09	1.90E-12	2.59E-05	0.001087722	0.081099378	4.65E-06	8.98E-14	2.41E-09	0.011658411	0.217950147	2.16E-13	2.91E-05	0.000864842	1.01E-14	5.55E-14	0.033571524	0.000317378
BGC0001654		0.026198427	0.850523925	0.036118991	0.012460898	0.007221511	0.023286131		0.049096933	0.3989683	0.116399824	0.074779963	0.002702739	0.069846645	0.000561193	5.84E-10	0.006651341	0.000262411	0.627083728	0.000679142	1.36E-06	0.000368494	0.312823596	0.235151271	0.769603069	0.265398647	0.433641631	0.000169788	0.07346033	0.146542041	0.293874366	0.007214416	0.026779283	0.008055268	0.144159914	0.268402967	0.000168747	0.082884135	0.00795487
BGC0001412		0.018622964	0.000238846	0.000391445	0.004766769	0.000564432	0.039528059	2.08E-06	0.075183511	0.025280697	4.95E-05	5.92E-14		0.008663138	0.188928882	0.35556618	2.92E-14	2.27E-26	8.52E-08	0.078628778	0.121218761	8.17E-31	1.26E-25	2.57E-15	3.87E-10	0.003053164	0.023542992	1.40E-26	6.91E-14	1.25E-14	0.010741168	0.164052437	1.15E-13	1.04E-05	0.000125084	6.41E-05	6.56E-14	0.020881609	0.000793803
BGC0001410		0.014367313	0.00287854	2.54E-06	0.003540124	0.001540304	0.080307861	3.54E-05	0.052177506	0.018229722	4.25E-05	2.98E-05	2.02E-10	0.007688301	0.172465483	0.128411947		2.98E-23	2.30E-09	0.041102451	0.057116378	0.00011773	1.29E-09	3.39E-11	3.24E-11	0.001086629	0.032645633	1.63E-26	4.11E-11	5.05E-12	0.005993541	0.07462515	0.000233792	5.11E-13	2.17E-09	2.31E-09	3.81E-10	0.012665593	0.000139199
BGC0001209		0.008914556	0.076018374	0.000777357	0.001178443	0.000875026		0.000498058	0.00104792		0.025817759	0.084061063			0.000625246	4.45E-08	0.006852403	0.000407377	0.000260724		1.53E-05	3.14E-05	0.00689771	0.000782781	0.000348101	2.14E-05	0.001139545	0.042247165		0.001292432	0.003870298	0.003900904		0.000105056	0.033025471	0.017109377	0.000540738	5.98E-13	
BGC0001681		0.004090136	1.01E-05	7.59E-26	0.000779222	0.000136667	0.013189838		0.010900569	0.004767649		1.38E-31		0.002632179	0.031387001	0.032881675				0.013172728	0.016800588	2.25E-27	1.48E-26	4.56E-32	6.36E-28		0.001821655	1.21E-28			0.002629459	0.030234204				1.19E-31		0.0047956	
BGC0000948		0.003485115	0.000438651	0.000273846	0.000738709	1.75E-05	0.004922164		0.019528364	0.004375467				0.002820517	0.062690632	0.032322325		1.57E-06	6.84E-05	0.012919073	0.024234704				3.36E-26	0.001032101	0.003643751				0.001425584	0.030239003						0.001338302	0.000117714
BGC0000777		0.003122759			0.00011153	0.063869425	0.00096628				4.25E-11	1.15E-05		4.55E-28							9.21E-26	0.000108488						0.000922741	3.17E-10								0.000109052		
BGC0000003		0.000774235					7.95E-29					1.38E-31								0.000413646	5.08E-31		2.22E-29	5.78E-31	0.000185387			1.55E-31		8.08E-13				4.30E-14	3.02E-12				
BGC0000504		0.000221271			0.0012804	0.000286492										3.57E-26				0.000109036	8.64E-30		0.007294559									0.000943752		0.000415877		0.028323656			
BGC0000784		0.000190204									4.95E-05																									6.41E-05			
BGC0000764		6.04E-05	0.0010299		0.000151869	0.002539452		1.28E-05	6.97E-06	0.000178242	6.32E-05	0.00109672	0.000389455	8.11E-05	0.003688349	0.001154033	0.000334038	1.49E-05	0.000770917		1.26E-06	0.000169463	2.71E-28	7.52E-05	0.000181803	0.000706999		0.000755986	2.19E-08	0.000292633	0.000215001	6.13E-07	2.48E-05	7.49E-06	4.13E-05	0.000290072	0.000169468	0.00122388	0.000832791
BGC0000923		5.92E-05					0.000288462				0.000150472																												
BGC0000792		3.85E-05			0.000841617	5.21E-05	1.98E-06							2.01E-05	2.21E-28	1.59E-09	0.000707349	5.76E-07	1.05E-06	1.06E-05	3.59E-26	8.34E-26	0.00672525					5.03E-26				0.000594275	1.18E-05	3.33E-05	3.20E-26	0.038828499	1.04E-25	1.02E-27	
BGC0000523		1.57E-05	0.00062663	3.75E-10	0.007005531	0.000294716	3.02E-05	5.94E-06	0.000160669	3.55E-05	0.000184365	0.005439561	0.000408835	0.000797931	0.009391699	0.000477861	0.001097103	0.011428839	0.001119022	3.40E-05	0.001796378	5.29E-05	0.001180093	2.01E-06	0.002075388	0.002753112		0.000931789		0.000463856	1.89E-25	0.000128005		2.78E-06	3.56E-06	0.00421286	1.15E-11	0.00300315	0.001960304
BGC0000589		1.11E-05	0.001238727	0.001001959	0.022801389	0.054228027	0.000613464								3.63E-06	0.000707361					2.77E-29	0.015303749	5.44E-27					3.14E-08									1.57E-28		
BGC0000671		5.64E-06		1.34E-06			9.19E-32	4.71E-12				1.01E-29			2.23E-05	7.24E-26							1.11E-30	7.35E-32	1.61E-05	2.26E-05		6.23E-29								3.11E-13			
BGC0001894		9.64E-07	1.18E-27		1.45E-09	5.95E-11			1.28E-05	0.000107975				3.86E-28		6.78E-28		4.65E-14										3.07E-08						1.82E-09	2.63E-30	2.61E-09		2.85E-08	1.32E-11
BGC0001571		2.33E-07	8.70E-28		1.67E-27	1.55E-27	1.45E-26		1.87E-06			4.03E-27		1.95E-28	2.71E-27	1.05E-25		1.22E-26			8.15E-28	3.05E-28	2.66E-26	3.93E-27	3.76E-27	3.13E-09	1.07E-26	4.58E-28		5.38E-27		5.72E-09		8.64E-09	3.63E-26	1.18E-27	9.60E-07	7.02E-28	
BGC0001321		1.46E-07				2.08E-31	2.50E-31		6.62E-07		2.87E-14	9.13E-13		8.97E-09	7.95E-08			2.78E-09		3.44E-10	1.65E-08		9.59E-14	3.02E-29	1.03E-31	6.47E-06	3.48E-30			8.35E-12			1.15E-10						1.48E-07
BGC0000587		2.74E-08	1.92E-11	6.33E-05	0.000156263	0.000679115	7.51E-05		0.000347435	3.55E-05	1.51E-06	3.50E-05		0.000209504	4.89E-06	1.60E-08			4.71E-06	2.29E-07	0.000113854	0.005546855	2.91E-05	0.000227494	0.000174087	0.073856337		8.64E-05						1.21E-29		9.72E-05	7.32E-05	2.37E-27	
BGC0001322		1.28E-08			4.60E-31				6.67E-31														1.05E-30				2.52E-29							6.38E-30			1.47E-30		
BGC0001759		2.16E-11	5.10E-09	4.73E-12	1.43E-12	1.18E-11	1.01E-17	6.08E-11	3.44E-13	9.48E-11	1.69E-10	5.12E-10	1.69E-11	4.30E-12	5.05E-11	1.87E-10	7.16E-11	3.12E-11	1.17E-10	5.33E-12	6.71E-10	1.28E-12	7.63E-10	1.11E-12	2.10E-12		9.01E-12	9.40E-11	1.11E-11	4.66E-11	6.28E-11	6.61E-10	1.34E-11	1.52E-11	5.98E-12	5.85E-12	1.69E-11	7.28E-11	1.37E-09
BGC0000467		9.30E-12		2.28E-10		1.09E-12		9.46E-11										9.32E-09		4.24E-14	7.91E-30							7.09E-14					2.69E-07						
BGC0001318		5.62E-12	6.02E-11	1.42E-11		8.57E-12	3.74E-18				3.37E-16			2.02E-11		4.35E-11	6.97E-11	7.74E-11	3.11E-11			3.52E-12		2.35E-11			2.61E-10		3.66E-12	1.37E-11						7.93E-12			
BGC0000634		3.46E-12	2.02E-12	3.15E-11	1.48E-13	3.07E-13	7.91E-11	1.82E-12	4.67E-11		1.15E-12	9.02E-11	2.07E-11	2.23E-12	4.94E-13	2.67E-11	1.13E-11	2.85E-12		1.53E-11	1.96E-13	1.54E-11	9.04E-12	1.14E-09	4.75E-08	1.39E-11	1.06E-11	3.24E-12	2.27E-13	5.83E-12	2.62E-12	4.48E-13	2.89E-13	4.96E-12	2.35E-11	1.24E-13	9.73E-14	1.15E-11	
BGC0001929		6.98E-13	4.32E-11		7.98E-30	1.47E-29	1.56E-09		5.47E-31		2.10E-11	8.72E-12					1.83E-10	9.32E-31					1.76E-12			3.03E-15	5.29E-13	2.46E-07				7.89E-15		1.42E-29	2.96E-12	3.20E-12		3.09E-29	
BGC0001885		3.64E-13	3.69E-13	1.73E-12	5.18E-29	5.97E-13	2.84E-28		5.11E-14		7.45E-16	5.38E-14	5.94E-13	1.39E-28	1.83E-28	1.90E-14		7.33E-29				8.97E-12	3.67E-29	3.31E-12	1.69E-13		1.27E-11	6.96E-29						4.20E-13	2.21E-11	3.98E-30	1.29E-13	4.12E-29	
BGC0000787		3.32E-13			1.84E-12	8.57E-12	4.87E-31							0.00060782				6.23E-14			6.14E-14	8.18E-31						5.49E-29	7.74E-10					0.000205971				0.000256576	
BGC0001155		3.80E-14	5.90E-28		8.94E-29	5.54E-29	9.70E-14		1.15E-28			1.18E-28	7.54E-14	1.92E-28	3.97E-27	1.52E-28		2.89E-29			3.48E-28	2.41E-28	2.81E-28	2.57E-15	3.37E-29	4.97E-15	6.04E-14	1.23E-28						1.99E-28	6.35E-28	1.88E-14	5.34E-29	5.20E-29	
BGC0001215		3.80E-14				5.38E-31			3.20E-29					5.20E-32		9.84E-31		3.46E-30			5.08E-31			1.62E-31			1.56E-31	5.69E-32						1.19E-31		4.42E-32			
BGC0000700		2.24E-15	3.08E-28		1.54E-29	2.52E-31	3.33E-28		6.28E-13			8.01E-31		1.40E-31	5.71E-28			4.23E-28			4.08E-31	6.29E-29		3.06E-28			1.43E-28	2.77E-12						1.19E-31	1.11E-14		6.31E-30	3.26E-29	
BGC0000672		6.96E-16		2.44E-11	3.30E-31	5.47E-32	2.61E-30							8.95E-31							2.29E-30	3.44E-32	1.77E-31			5.09E-12	5.35E-31	2.96E-31						2.02E-31		7.25E-32			
BGC0001964		3.90E-24			1.47E-31		1.28E-31														1.87E-31													1.01E-31				4.80E-31	
BGC0000535		3.13E-27	4.59E-05	4.25E-06	0.000301999	0.00050343			6.65E-27		7.75E-08	4.50E-08	0.000519695	7.15E-12	0.002775533	1.49E-26	0.007404899	4.98E-28	3.50E-09	0.000762488	5.62E-06	7.12E-06	6.93E-27	0.000346126	2.88E-28	0.000838771		0.001547734		0.000479561				6.33E-28	1.24E-26	8.84E-06	1.11E-27	0.0026001	
BGC0001235		4.83E-28	2.04E-29		7.35E-32	5.47E-32	3.91E-31		2.85E-30			1.14E-30		2.25E-30	2.39E-30	1.01E-29						3.32E-31	2.22E-30				1.40E-30	2.76E-31						3.86E-31		3.75E-32	1.87E-29		
BGC0001963		1.61E-28	5.61E-29		1.51E-28	1.23E-29	6.77E-14		1.98E-28			5.88E-29		1.08E-29	7.54E-14	1.49E-29	5.19E-14	5.26E-29			4.77E-29	9.32E-30	2.35E-28	1.52E-29	2.51E-30		3.12E-29	2.14E-15						6.44E-29	1.09E-28	1.43E-30	7.88E-30	2.76E-29	
BGC0001214		7.86E-29	7.67E-28		5.19E-29	1.24E-28	4.12E-29		8.28E-29			1.55E-29	1.42E-13	1.44E-28	4.14E-28	1.21E-28		1.15E-28			3.00E-28	7.87E-28	5.63E-29	3.22E-29	2.62E-29		8.66E-29	1.60E-28						2.15E-29	1.25E-27	7.48E-30	9.94E-29	4.76E-29	
BGC0000561		4.67E-29	4.41E-30	1.09E-07		2.93E-05	1.17E-30				5.41E-05	2.25E-05		1.26E-27			1.73E-06						0.00037236	4.30E-11		1.16E-11	4.96E-05	7.96E-05		7.23E-06	3.20E-08	1.54E-08		5.25E-05	0.000432421	0.000666838			
BGC0000806		3.97E-29	3.72E-27		2.44E-29	1.77E-20	1.63E-13		2.19E-28			8.39E-29		9.08E-29	6.15E-29	4.30E-30		4.58E-30			5.17E-30	5.76E-30	9.98E-28	5.72E-31	1.44E-30	1.59E-13	1.52E-21	1.83E-28						5.42E-30		8.20E-30	2.11E-13	3.89E-30	
BGC0001726		3.19E-29	7.34E-28		3.69E-31	5.65E-31	2.89E-30					1.38E-29		6.86E-29		5.78E-29		6.34E-31				1.38E-12		6.94E-30	2.38E-29		1.88E-14	4.96E-31							5.19E-11		3.03E-12	2.13E-29	
BGC0000422		2.99E-29										3.06E-31										1.27E-31					9.44E-32							7.25E-32			1.02E-31		
BGC0000727		2.56E-29	2.62E-29		2.34E-15	1.36E-29	2.51E-20	2.21E-15	1.32E-29			2.86E-30		3.74E-30	8.02E-30	3.17E-30	1.46E-12	8.85E-31			3.90E-30	4.73E-30	4.82E-30	9.72E-31	3.45E-31		2.63E-14	2.69E-29						8.07E-31	3.57E-30	4.23E-16	6.51E-31	2.52E-30	
BGC0001302		1.85E-29	1.27E-30		1.68E-31		1.28E-31		5.04E-30			2.20E-30			2.38E-30	8.37E-30		9.53E-31				2.41E-30		4.56E-32	1.17E-30			1.49E-31						9.25E-29	1.61E-30		1.86E-30	5.37E-31	
BGC0000136		1.34E-29	1.14E-29		6.15E-30	5.92E-30	2.49E-29		1.68E-29			3.01E-15	1.34E-15	2.66E-30	3.68E-29	4.44E-29		4.77E-30			2.26E-30	9.57E-30	2.86E-29	1.07E-29	4.16E-31		1.48E-11	1.33E-29			6.20E-18			3.69E-29	1.12E-12	9.74E-15	1.83E-29	3.81E-30	
BGC0000203		1.18E-29	5.94E-28		1.97E-30	9.65E-32	6.77E-14		2.99E-29			3.61E-31		1.43E-29	7.54E-14	4.22E-29		3.25E-31			1.87E-31	1.10E-28	1.31E-30	2.65E-30	4.13E-31		8.64E-30	4.79E-31				4.31E-13		8.82E-30	8.85E-29	7.88E-14	1.28E-13	7.45E-29	
BGC0000100		1.11E-29	8.25E-29		5.09E-30	1.84E-30			1.47E-30			5.91E-30		5.15E-31	3.54E-29	3.82E-30		1.51E-30			9.67E-30	3.82E-30	2.14E-29	1.49E-30	2.27E-31		1.13E-30	1.31E-29				8.24E-19			7.11E-29	3.91E-30	1.74E-30	7.25E-29	
BGC0001511		1.08E-29	3.70E-29		2.32E-30	2.43E-30	6.79E-31		2.03E-30			4.93E-31			1.11E-29	7.05E-31					5.51E-31		2.64E-30	7.38E-31	6.37E-32		4.90E-31	5.52E-30						2.67E-31	7.26E-30	7.56E-30	2.08E-30	1.00E-29	
BGC0001381		1.05E-29	1.69E-29		1.59E-30	7.58E-16	1.21E-30		2.03E-31			6.28E-30	1.34E-15	2.40E-30	1.08E-14	2.26E-29					1.20E-30	9.18E-16	3.74E-30	4.31E-31	1.29E-31		1.31E-15	3.31E-30			3.71E-14			4.89E-30	2.11E-29	7.90E-31	4.70E-14	8.86E-31	
BGC0001827		1.04E-29	1.82E-29		4.25E-31	2.14E-30	7.80E-31	1.13E-15	2.05E-30							1.61E-14		1.67E-31						1.45E-30			7.74E-31							6.26E-31				2.95E-30	
BGC0000082		9.70E-30	4.45E-28		2.72E-30	7.05E-30	3.33E-30		1.09E-29			1.08E-29		2.17E-29	4.13E-12	4.43E-29		1.05E-30			4.68E-12	2.01E-28	4.57E-29	8.20E-29	6.77E-29		6.92E-15	1.06E-29	3.80E-14			1.71E-16		4.00E-30	5.99E-28	2.21E-13	2.73E-10	2.39E-28	
BGC0000279		6.26E-30	1.27E-30																																	1.05E-30			
BGC0000090		6.25E-30	6.90E-30		1.55E-30	9.48E-31	5.66E-31		2.20E-30			1.38E-30		6.53E-31	8.77E-30	3.54E-30		1.22E-30			6.74E-30	3.71E-31	1.84E-29	5.26E-16	1.74E-30		5.20E-31	6.72E-32						3.84E-30	2.36E-30	5.67E-30	1.98E-15	1.77E-31	
BGC0000703		5.14E-30	3.89E-29		1.95E-30	2.04E-30	3.07E-31		2.35E-30			1.28E-29		6.79E-30	7.79E-14	4.21E-29		1.02E-30			1.63E-30	1.90E-29	5.82E-30	4.43E-30	1.09E-14		3.10E-30	1.45E-30						1.96E-30	9.79E-31	1.28E-30	3.31E-30	7.46E-31	
BGC0001472		5.10E-30	3.29E-29		1.64E-30	4.99E-29	3.10E-24		3.22E-14			1.01E-29		8.50E-31	7.77E-30	1.28E-29		5.36E-31			1.57E-30	1.30E-30	2.44E-26	5.21E-31	1.77E-30		6.13E-30	4.54E-30						3.46E-30	1.72E-29	3.43E-30	4.55E-15	9.47E-30	
BGC0000709		5.10E-30	9.88E-30		1.32E-29	3.29E-30	1.71E-30		2.70E-29			1.47E-30		3.28E-29	8.80E-29	3.78E-29		1.19E-30			3.25E-30	4.87E-28	3.19E-29	1.68E-30	1.67E-31		1.85E-28	8.34E-31						4.04E-30	3.91E-28	5.34E-30	5.24E-28	1.72E-29	
BGC0001008		3.66E-30	2.02E-30		4.63E-31	1.87E-30	9.12E-16		5.11E-14			2.70E-30		8.27E-31	4.75E-29	7.47E-29		3.61E-30			3.08E-31	3.49E-14	1.93E-30	3.08E-30	4.94E-15	3.25E-12	8.98E-29							4.20E-13	3.51E-14	7.65E-30	6.17E-30	1.93E-29	
BGC0000903		3.19E-30	7.12E-29			8.78E-30	5.19E-30																1.11E-28											3.78E-30				8.05E-30	
BGC0001053		2.82E-30	5.32E-30		2.58E-30	2.74E-30	5.09E-30		4.06E-30			1.76E-30		6.42E-30	4.72E-29						4.75E-30	1.29E-30	6.71E-30	5.47E-31	2.67E-30			1.51E-31						3.78E-31	7.04E-31	7.13E-31	1.26E-28	1.88E-30	
BGC0001766		2.74E-30	2.16E-29		1.40E-30	6.18E-31	3.90E-31		6.53E-30			2.22E-31		4.88E-30	1.78E-29	2.08E-30		3.94E-30			7.25E-31	1.24E-29	1.16E-29	4.90E-31	1.62E-30		3.35E-30	9.55E-31						5.99E-31	2.32E-29	2.61E-30	7.47E-30	8.29E-30	
BGC0001230		2.74E-30	2.16E-29		1.40E-30	6.18E-31	3.90E-31		6.53E-30			2.22E-31		4.88E-30	1.78E-29	2.08E-30		3.94E-30			7.25E-31	1.24E-29	1.16E-29	4.90E-31	1.62E-30		3.35E-30	9.55E-31						5.99E-31	2.32E-29	2.61E-30	7.47E-30	8.29E-30	
BGC0000833		2.41E-30	3.95E-31												4.66E-29							6.96E-30		7.34E-32	1.82E-30		1.32E-31								3.67E-29				
BGC0001619		2.25E-30			4.46E-32																7.09E-31						1.56E-31									9.32E-30			
BGC0000084		1.78E-30	1.12E-29		2.52E-31	1.16E-30	2.23E-30		2.25E-30			7.25E-31		3.11E-31	3.67E-30						2.35E-30	2.98E-31		6.17E-31	5.05E-31		1.85E-30	4.96E-31						1.57E-29		2.63E-30	7.57E-31	5.72E-30	
BGC0000431		1.76E-30	9.58E-29				4.90E-31							2.53E-30								8.87E-29		2.59E-30	2.79E-31		3.65E-30	8.52E-30							2.19E-28	1.67E-30	1.02E-29	7.91E-31	
BGC0001941		1.73E-30	8.27E-29		4.42E-16	8.49E-30	7.38E-30		5.92E-30			2.63E-31		6.55E-31	2.42E-28	6.64E-29							3.16E-30	4.59E-31	1.20E-31		1.52E-30	1.61E-30						1.23E-29		1.88E-14	3.52E-30	1.97E-29	
BGC0000768		1.45E-30				1.07E-31								3.59E-31		1.62E-30												2.62E-31									1.35E-29		
BGC0000982		1.19E-30	1.04E-29		4.46E-32	1.95E-30	1.79E-31		1.58E-30			3.41E-31		1.86E-31	1.24E-30			9.37E-31			3.74E-31	9.79E-30	1.34E-29	1.90E-31	2.66E-31			3.63E-30				6.09E-18		2.42E-30	4.40E-29	1.84E-30	8.94E-31	1.12E-30	
BGC0000340		1.17E-30			1.24E-31	9.03E-32	1.02E-30		8.80E-31						1.69E-29	8.33E-31												4.81E-32						1.07E-30		2.15E-30	4.98E-31		
BGC0001316		1.04E-30				5.47E-32																																	
BGC0002011		9.30E-31																						6.27E-32															
BGC0000851		9.01E-31	4.66E-31		3.03E-31	1.09E-31	1.52E-31		2.20E-30						2.54E-31						1.58E-31	1.85E-31	1.54E-30					1.31E-31						7.25E-32	1.17E-30	1.40E-31	2.78E-31		
BGC0000238		8.64E-31	1.77E-30		4.81E-31	5.47E-32			6.45E-31			9.83E-31		5.84E-31	8.03E-30	2.26E-30		3.25E-31			1.87E-31		6.45E-30	1.62E-31				7.35E-15							1.09E-29	2.71E-31	8.10E-31	1.04E-30	
BGC0000268		8.55E-31	1.89E-29		7.35E-32				2.41E-30					3.59E-30		5.97E-31						7.31E-30	3.45E-31				1.41E-30								3.70E-30	1.62E-31	2.00E-31		
BGC0000085		8.34E-31	5.84E-14		6.96E-31	3.08E-29	1.65E-30		2.40E-31			2.50E-30		5.64E-31	2.33E-28			7.80E-31			1.06E-30	1.40E-31	1.17E-29	1.18E-31	7.26E-29		5.00E-31	2.56E-30						1.08E-30	5.59E-30	8.23E-30	2.48E-30		
BGC0000020		7.87E-31				4.68E-31								1.38E-30		1.16E-30					9.89E-31	1.18E-30	4.81E-31				3.16E-31	1.04E-31						1.19E-30					
BGC0000269		5.07E-31			1.96E-31	3.71E-31	1.09E-31		3.93E-31			1.01E-31		3.09E-30	6.00E-31	2.26E-30		1.97E-31				4.36E-31		2.13E-30				5.57E-31						1.01E-31	2.11E-30	1.72E-30			
BGC0001483		4.57E-31			4.90E-29	1.24E-30	4.41E-31								1.82E-30									2.63E-31	1.41E-31		7.83E-30	7.79E-30								7.66E-31			
BGC0000786		3.82E-31			8.68E-32	7.78E-31						2.48E-30		1.89E-30	3.54E-31	2.26E-30		1.14E-11			7.69E-31	1.14E-30		2.23E-31				1.55E-31						1.44E-30			7.57E-31	1.30E-30	
BGC0000537		3.15E-31	3.35E-30		1.43E-31	1.07E-31								1.65E-31								1.14E-30	1.79E-29	5.56E-31	2.41E-31			3.29E-30								1.44E-29		1.54E-30	
BGC0000781		2.77E-31			2.17E-12	6.67E-31	0.000758602		3.91E-10					2.37E-05		7.05E-31		2.40E-30			9.59E-32	2.43E-30				7.47E-05		6.38E-29						2.71E-31			1.17E-29		
BGC0001785		2.66E-31					9.19E-32																				1.12E-31									1.71E-31			
BGC0001590		2.64E-31	2.09E-30		1.25E-31				5.47E-31			7.94E-31						1.23E-30				4.12E-30			5.44E-32		2.17E-31	3.01E-31							3.86E-29	1.95E-31	4.59E-31		
BGC0001776		2.36E-31							2.12E-30													2.24E-15												1.19E-31					
BGC0000447		1.57E-31			3.19E-32		1.09E-31					4.07E-31		1.00E-30							3.48E-30	1.18E-30	2.55E-30	1.01E-31				3.40E-30						2.18E-30			6.86E-30		
BGC0001732		1.55E-31	1.73E-30		1.19E-31	2.21E-31	4.60E-32		6.70E-31			2.38E-31		1.32E-31									6.71E-31														2.02E-31		
BGC0001731		1.55E-31	1.73E-30		1.19E-31	2.21E-31	4.60E-32		6.70E-31			2.38E-31		1.32E-31									6.71E-31														2.02E-31		
BGC0002028		1.53E-31	3.95E-31			2.66E-30	9.19E-32					1.18E-31			1.86E-30										4.56E-31			1.31E-31				1.76E-15							
BGC0000296		1.40E-31			3.19E-32	6.47E-32								3.03E-31	1.43E-30							6.87E-31		2.53E-31	1.64E-31			2.83E-31						6.14E-32	3.81E-30		4.59E-31		
BGC0001944		1.16E-31			2.92E-31							1.01E-31		7.23E-32																									
BGC0000312		1.16E-31	5.51E-31		1.79E-30	2.90E-13	1.66E-29		6.45E-31			4.26E-30		3.31E-30	1.00E-29	4.51E-13				1.66E-12		2.68E-30	1.13E-13	3.59E-31			3.68E-31	6.72E-32		1.43E-12	4.25E-15	3.09E-13		1.15E-14	1.88E-29	7.31E-31	2.52E-30		
BGC0001195		9.80E-32	4.04E-30		5.27E-32	6.23E-31						3.06E-31			9.09E-31	5.97E-31					6.00E-31							2.86E-31								1.75E-31	4.59E-31		
BGC0001435		8.29E-32	1.11E-29												1.92E-30							9.58E-32	1.95E-29				1.32E-31												
BGC0001093		7.02E-32			4.46E-32																																		
BGC0001984		5.94E-32	1.96E-30		1.87E-30	1.24E-26			8.57E-30			5.61E-29		2.85E-31	8.53E-30	7.21E-14		7.49E-31				1.85E-31		1.68E-29										1.50E-28	4.21E-30	7.00E-15		2.43E-29	
BGC0001424		5.94E-32							2.83E-31					5.20E-32																				8.55E-32					
BGC0001311		5.94E-32							1.29E-30					1.28E-30														1.31E-31							1.80E-29		2.87E-30	3.98E-29	
BGC0000259		5.94E-32														1.62E-30		6.60E-30																			7.87E-31		
BGC0000033		5.94E-32	6.51E-31			4.66E-31								8.53E-32								2.73E-31					1.19E-29									6.95E-16			
BGC0001940		5.03E-32			5.27E-32		1.79E-31		4.64E-31					1.45E-31	1.62E-30			1.67E-31				5.84E-32	2.16E-30					6.72E-32											
BGC0001730		4.26E-32	1.98E-30											1.47E-31	1.67E-30	7.05E-31					1.58E-31	3.57E-30		4.56E-32			1.32E-31								1.21E-29		1.06E-30		
BGC0000836			0.001948059	0.00040003	0.043441538	0.101540669	0.000266471		0.000347559						2.20E-07	0.003965422		6.87E-28		0.003857493	1.56E-26	0.000544004	2.02E-05	2.76E-31									0.000891336	1.72E-26		1.21E-07			1.16E-06
BGC0000521			0.00145096		7.35E-32	0.001085023		0.000198849		0.00037275		0.000378132		0.000589614	0.004406651	0.00111934	0.002852616		3.69E-08			0.000199641		0.000171152		0.000279588					0.000540224					0.001816364		1.28E-09	0.000724416
BGC0000498			0.001204073			8.66E-28	8.28E-30				6.33E-12	0.000528512		2.22E-30				5.59E-08					3.99E-07	1.54E-31			5.07E-10					3.02E-08		5.25E-05	0.000432421	5.75E-06		2.09E-31	
BGC0000620			9.97E-05		1.14E-06	0.000565813		4.51E-08	0.000526996	3.56E-07		0.000380692	1.53E-08	2.70E-10	0.005447146	4.05E-05	0.001128574	0.00011586		1.06E-05		0.000392996			9.43E-27	0.001346297		0.000198852		0.000314755	0.000115966	0.000208968		7.49E-06	2.74E-25	1.62E-05	5.24E-05	0.00027634	0.001086341
BGC0001787			1.77E-07		8.95E-31													9.92E-30					1.93E-12												5.14E-29	2.68E-11			
BGC0000810			3.27E-10	1.30E-12		4.09E-09					5.47E-10					1.74E-06									3.86E-06		2.31E-29								5.10E-30	4.49E-30			
BGC0000624			2.38E-26		0.001111497	0.000563056	0.008251093									4.35E-25			0.001388117	1.69E-06	5.80E-05					0.004440754	1.20E-07			0.005120577	1.61E-25								
BGC0001788			9.27E-29																					3.27E-16												4.45E-31			
BGC0001687			6.99E-29						8.97E-31														2.35E-29											4.03E-31					
BGC0000522			6.92E-29		2.51E-29	2.59E-13									1.87E-28			7.72E-30				7.15E-27																	
BGC0001006			1.50E-29		2.06E-30				2.32E-29					1.65E-31								2.25E-30						8.08E-31						8.55E-32			8.94E-31		
BGC0000026			1.35E-29				4.40E-30								1.82E-30			6.34E-31			6.00E-31	5.84E-32		4.67E-31			2.17E-31	8.89E-32							5.97E-31	1.97E-30			
BGC0001384			5.58E-30						7.35E-30					1.40E-31								4.99E-31																	
BGC0001799			3.78E-30					3.38E-12	9.69E-30		4.26E-13			7.15E-12	6.84E-31		6.71E-12	1.06E-08				3.04E-31	7.93E-31	1.90E-31	1.98E-12			1.24E-30			7.26E-12				1.87E-10	7.68E-31			
BGC0000289			2.09E-30			4.15E-31								1.36E-30	4.92E-31	7.14E-30							6.71E-31				7.87E-31							1.02E-30					
BGC0000714			1.51E-30	7.72E-10	3.37E-14	1.55E-31	3.91E-31	2.21E-15	3.22E-14		2.65E-15		1.04E-13	4.12E-13	4.75E-14	5.84E-11				7.70E-11	1.34E-31	1.15E-10	9.13E-31	1.75E-12	8.75E-32	1.72E-12	4.76E-11	2.53E-15		1.44E-13	1.30E-12	1.10E-14		7.25E-32	1.18E-12	1.96E-15	8.57E-13	2.20E-13	
BGC0000534			1.50E-30						0.000347435					7.54E-05	0.000434743			1.23E-30	0.001388117	0.004025993		0.001310981			0.00017405	0.008467057		9.01E-29			0.000596664		0.000236172						
BGC0000119			1.02E-30				2.95E-31							4.41E-32	2.86E-30			1.97E-31																			1.04E-30		
BGC0000362			6.51E-31						1.25E-30																														
BGC0001204			5.51E-31		3.45E-31		2.67E-31							1.34E-31	7.71E-31			2.33E-31			1.58E-31	1.77E-31												3.42E-31			2.00E-31	1.92E-30	
BGC0000666			5.37E-31																																	4.31E-31			
BGC0000665			5.37E-31																																	4.31E-31			
BGC0001343			3.95E-31																			5.54E-31																	
BGC0000568				0.008008655	0.000918413							0.128716778	0.053042754			8.22E-26		2.40E-30	4.90E-05	0.005919308	2.57E-26	0.036308286	9.48E-26		0.00017405	4.52E-06		0.079201217	0.000115479					5.45E-26			3.13E-07	4.00E-25	0.000163742
BGC0000922				4.72E-08			0.000794836		8.80E-12		1.33E-05			1.55E-05														1.76E-05								2.02E-05			
BGC0000725				2.21E-11	3.06E-05		3.20E-05		0.000188133		0.000761726	1.18E-31		7.54E-05	5.01E-30								3.68E-18														2.78E-31		
BGC0000619					0.001373313	1.12E-10					0.000109257			0.003346785				9.99E-13					0.002092071	0.000295329	0.012269097	0.000342008				0.000397406				0.000635692		0.00168695			
BGC0001601					0.000389642	1.74E-26					0.000150472			5.42E-05									0.000246224	1.25E-08	4.53E-08	0.000752513								3.65E-26		6.03E-13			
BGC0000531					2.68E-05		1.77E-26						1.65E-05	6.37E-27				6.01E-30						6.16E-05	2.93E-06	7.61E-05	2.84E-06			8.66E-27						8.55E-32	8.56E-27	3.58E-08	
BGC0000936					1.38E-05	7.62E-05	0.000110424		1.28E-05		9.10E-05			5.32E-05																						4.61E-05			
BGC0000637					5.47E-06																																		
BGC0000552					7.06E-08	3.38E-26	4.41E-29			0.000107975			8.12E-09		0.000434743				0.001388117	0.003244548		4.27E-08		7.77E-09	3.30E-28	0.019666226	2.02E-28			2.76E-10	0.000157279		0.000334798			4.42E-32		1.43E-27	
BGC0000766					1.92E-08	2.26E-12	4.67E-11				2.86E-12			2.71E-10				3.96E-30						1.33E-09	2.62E-10			2.50E-10						2.24E-13		9.43E-09			
BGC0000344					1.76E-08				2.85E-30			1.86E-11				3.22E-30		9.48E-30																			3.73E-30		
BGC0000895					9.04E-09	3.54E-05			8.86E-11	0.000257609				1.69E-06			0.000820293			0.00017977			3.33E-05		7.34E-05									1.77E-05				0.000972841	
BGC0000765					3.43E-09		2.20E-08	5.01E-10						7.96E-07				1.27E-29						1.35E-07	3.76E-07	2.29E-07								2.30E-31		1.29E-05			
BGC0001285					2.73E-10							9.28E-29																											
BGC0000767					6.11E-14		3.57E-14							9.04E-08			3.79E-08						3.67E-29	7.83E-13	5.61E-06	5.33E-06	2.57E-31							3.70E-12		1.19E-10			
BGC0001428					2.16E-23																																		
BGC0001682					1.10E-28		0.00029431				0.000150472			0.000278304																									
BGC0000497					3.94E-29		2.50E-31																		1.72E-30			1.31E-31											
BGC0000545					1.09E-29	6.33E-30						0.000124478	0.098603611	0.00015076				6.91E-29			2.28E-30						6.89E-26					2.06E-06				2.50E-30	1.25E-30		
BGC0000343					9.23E-30																																		
BGC0000494					3.85E-30										3.77E-29			6.29E-15					2.62E-30	1.73E-30	2.83E-14			4.97E-30								6.94E-30			
BGC0001838					2.29E-30																																		
BGC0000255					2.06E-30																																		
BGC0001639					1.74E-30								0.00057606	7.91E-30														4.19E-27									0.00245028	2.05E-28	
BGC0000556					8.95E-31		9.66E-14							4.53E-30				1.71E-14								1.58E-14									4.17E-13	7.25E-32			
BGC0000256					8.42E-31	3.45E-30	7.19E-40																				1.12E-20										8.94E-31		
BGC0001421					6.73E-31	5.35E-31	1.28E-30																													2.27E-31			
BGC0000788					6.68E-31		3.49E-31	5.40E-13				7.82E-29		8.76E-31		1.21E-29		5.56E-11				5.22E-30		8.45E-14		1.88E-13		2.53E-30	1.95E-14								3.98E-14	1.18E-28	
BGC0000098					6.07E-31	4.58E-31								5.06E-31	9.09E-31	4.59E-30							5.56E-30														8.67E-32		
BGC0001567					3.89E-31		9.19E-32								1.13E-29										5.44E-32														
BGC0001120					2.56E-31									2.30E-31		7.05E-31																					1.88E-30		
BGC0000168					2.36E-31																																		
BGC0000069					2.14E-31		5.05E-31																													1.90E-31			
BGC0001859					1.48E-31	3.92E-32	6.12E-29		2.40E-31			9.30E-31		1.69E-30		1.04E-28		2.11E-29				4.57E-31			3.66E-31			2.36E-30							1.15E-30		2.04E-28	6.25E-30	
BGC0001765					1.43E-31																							1.61E-08											
BGC0000698					1.43E-31																						1.56E-31												
BGC0000791					1.21E-31									6.79E-31				4.19E-12					5.68E-31			1.16E-11								2.73E-30				2.40E-30	
BGC0001585					1.18E-31	1.05E-30																																	
BGC0002030					8.79E-32	2.07E-31	1.61E-12		1.68E-30									2.27E-31			1.30E-31	5.65E-32	7.65E-31		8.26E-32		5.58E-32	3.62E-32						1.12E-30	2.53E-31			4.53E-32	
BGC0001866					8.79E-32	2.07E-31	1.61E-12		1.68E-30									2.27E-31			1.30E-31	5.65E-32	7.65E-31		8.26E-32		5.58E-32	3.62E-32						1.12E-30	2.53E-31			4.53E-32	
BGC0001925					8.68E-32													2.75E-31				5.84E-32			1.10E-31										1.36E-30		1.69E-31		
BGC0000054					8.68E-32																																		
BGC0000163					7.35E-32							3.06E-31			8.84E-30							1.41E-30	6.92E-30	3.59E-31			1.38E-30	6.49E-31						6.14E-32		1.19E-31	4.43E-30		
BGC0001833					6.22E-32		1.85E-30											8.40E-31																					
BGC0001773					6.22E-32				3.93E-31																														
BGC0000960					6.22E-32										8.07E-31																								
BGC0001281					5.27E-32				2.03E-31							3.62E-31		1.20E-31									1.56E-31										1.02E-31	1.49E-31	
BGC0001891					4.46E-32		5.53E-16					5.80E-31		1.19E-31	9.91E-30							1.36E-30			2.94E-31												1.42E-30	6.70E-31	
BGC0001709					3.77E-32									2.71E-31								5.44E-31					2.57E-31										1.35E-30		
BGC0000956					2.29E-32									3.02E-31		1.28E-29		1.45E-14			4.30E-31			6.27E-32		2.21E-13		3.13E-31									4.20E-30	2.15E-30	
BGC0000938					1.39E-32																																		
BGC0000484						1.22E-05							8.09E-05																									1.99E-25	
BGC0000548						9.77E-06			0.000440235	0.001307061				2.04E-31	3.67E-26		0.009651667	0.004958197	0.016813149		4.23E-05	3.16E-26			5.44E-32	1.96E-07								2.59E-31	0.000272444	0.029770871	0.000283982	0.000176109	
BGC0001602						1.12E-10					0.000109257							9.99E-13					0.002092071			0.000342008				0.000397406				0.000635692					
BGC0001388						1.12E-10												9.99E-13																					
BGC0000550						1.99E-27				2.39E-06	8.90E-08						0.004429775									0.014801677		2.86E-06										2.68E-12	
BGC0000663						6.46E-30																3.12E-31						5.86E-31											
BGC0001317						1.88E-30	4.01E-31								5.80E-31							3.44E-32	1.98E-29	5.35E-32			2.04E-33									1.65E-31			
BGC0000782						6.90E-31									6.84E-31																					1.87E-32			
BGC0001007						1.76E-31																5.34E-31			8.75E-32									2.71E-31	8.30E-31	1.01E-31			
BGC0001980						1.49E-31																																	
BGC0000323						1.07E-31						1.18E-31																9.64E-32						1.40E-31			2.00E-30		
BGC0000204						6.47E-32																																	
BGC0001379						5.47E-32	9.19E-32		6.50E-30			1.18E-31			2.54E-31																					5.21E-32			
BGC0001131						5.47E-32																						9.37E-32						2.71E-31					
BGC0001908						1.96E-32						5.04E-32				3.53E-31							2.41E-31		6.01E-32										8.03E-31				
BGC0001770						1.96E-32						5.04E-32				3.53E-31							2.41E-31		6.01E-32										8.03E-31				
BGC0001686							0.018104718		3.06E-30																												1.25E-30		
BGC0000287							0.00058914		0.000347435		3.33E-06			0.000311324				7.11E-11										5.92E-09		3.96E-05					0.000864842	3.24E-08			4.27E-08
BGC0001383							3.88E-05																																
BGC0000181							3.88E-05																																
BGC0000128							3.04E-05				0.000150472																												
BGC0000433							1.47E-05																																
BGC0001083							1.01E-28																					1.40E-31											
BGC0001048							1.12E-30																					1.55E-31											
BGC0000365							1.12E-30							8.34E-31	6.42E-30	3.16E-30								8.61E-32													2.36E-31	4.06E-31	
BGC0001114							5.75E-31																		5.35E-16												1.17E-29		
BGC0001812							1.70E-31		3.33E-31																1.75E-31			2.42E-31										1.16E-30	
BGC0002007							1.28E-31																																
BGC0001931							1.28E-31															8.12E-32	5.68E-31		7.45E-31												4.75E-30		
BGC0000229							1.28E-31							4.41E-32																									
BGC0000425							1.09E-31																																
BGC0001637								7.05E-05																					0.003829223										
BGC0000308								9.34E-06						1.41E-08												0.008740683		0.000262202			0.000193445			4.87E-06					
BGC0000581									2.48E-05													5.84E-32																	
BGC0000590									6.55E-29						5.85E-30							3.18E-06								9.14E-09									
BGC0000774									7.61E-31													1.09E-30			7.24E-31												6.04E-31		
BGC0000557												6.24E-28			1.38E-25									3.24E-06															
BGC0001101												5.59E-31																											
BGC0001638												3.01E-31														9.94E-08		6.56E-30											
BGC0001292												3.01E-31						1.67E-31																8.55E-32					
BGC0000916												1.38E-31												7.34E-32															
BGC0000448												1.38E-31			3.54E-31								1.11E-30																
BGC0000184												1.38E-31			2.54E-31						9.89E-31							4.96E-31											
BGC0000944														7.64E-05												0.000740029		0.001009853			0.000913462						3.25E-26		
BGC0000728														1.40E-05	0.000585055			7.02E-14				7.07E-07									1.71E-25		6.20E-06		2.24E-25		6.47E-09		6.78E-08
BGC0000778														1.11E-28		1.09E-27									5.54E-29			8.44E-30									6.28E-28	4.24E-28	
BGC0001054														2.05E-30		5.44E-29																					2.70E-28		
BGC0000883														4.15E-31								6.80E-30			4.61E-31		2.26E-31								2.64E-29		5.08E-30		
BGC0001791														3.19E-31																									
BGC0001013														1.95E-31	5.46E-13												3.42E-31	5.54E-32											
BGC0001011														1.95E-31	5.46E-13												3.42E-31	5.54E-32											
BGC0001920														1.65E-31								1.27E-31																	
BGC0001692														1.34E-31																									
BGC0001065														4.41E-32																									
BGC0001508															0.002039596																								
BGC0000585															0.00011612							0.015873158														6.39E-27			
BGC0001142															4.75E-14																								
BGC0000357															2.58E-29																								
BGC0000070															2.58E-29																								
BGC0001764															9.52E-31									5.35E-32															
BGC0001500															7.46E-31																								
BGC0000315															3.54E-31																			5.39E-31					
BGC0000273															3.00E-31																								
BGC0000450															2.46E-31																								
BGC0000415															2.46E-31																								
BGC0000586																4.06E-11		0.003254413			1.47E-28		5.68E-31																
BGC0000435																1.16E-30						5.84E-32																	
BGC0000386																		5.99E-30																					
BGC0001499																		3.25E-30																					
BGC0001842																		1.75E-30																			1.85E-30		
BGC0000437																		1.64E-30																					
BGC0000689																		8.85E-31																					
BGC0001572																		7.80E-31																			5.42E-31		
BGC0001346																		7.49E-31																					
BGC0000065																		7.49E-31																					
BGC0001498																		7.34E-31																					
BGC0000780																		1.97E-31																					
BGC0000745																		6.51E-32																					
BGC0000744																		6.51E-32																					
BGC0000743																		6.51E-32																					
BGC0000742																		6.51E-32																					
BGC0000741																		6.51E-32																					
BGC0001677																				0.000706101																			
BGC0000984																				0.00030889																			
BGC0000772																				1.82E-09																			
BGC0001671																				6.30E-12																			
BGC0000618																					0.000635206																		
BGC0000617																					0.000216329																		
BGC0000761																					1.87E-31																		
BGC0000347																						1.00E-08		1.25E-06	4.20E-13														
BGC0000651																						3.23E-30													3.27E-29				
BGC0001051																						3.71E-31																	
BGC0001830																						2.02E-31																	
BGC0001156																						1.57E-31														1.67E-30	2.73E-31		
BGC0001457																						9.58E-32																	
BGC0001553																						8.12E-32														8.55E-32			
BGC0000834																						8.12E-32																	
BGC0001289																						5.84E-32																	
BGC0001898																						3.67E-32			5.49E-31														
BGC0001140																						3.67E-32			5.49E-31														
BGC0001415																							0.000721388																
BGC0000485																							7.93E-31																
BGC0000538																								0.000417174															
BGC0000845																								1.09E-30															
BGC0000734																								2.64E-31			1.32E-31												
BGC0000162																								1.62E-31												3.75E-32			
BGC0000708																								6.27E-32															
BGC0000096																									2.03E-31			1.55E-31											
BGC0000186																									1.03E-31														
BGC0000368																									6.37E-32														
BGC0001222																										0.003148166													
BGC0000607																										3.08E-13													
BGC0001983																											2.24E-30												
BGC0000818																											2.60E-40												
BGC0000509																												2.77E-12											
BGC0000539																												1.14E-30											
BGC0000257																												1.83E-31											
BGC0000507																												7.93E-32						1.67E-30		2.71E-31			
BGC0000319																												7.93E-32											
BGC0001427																												6.72E-32											
BGC0000244																												4.07E-32											
BGC0000533																														0.002357147									
BGC0000359																															0.000832712								
BGC0000528																																0.00244492							
BGC0000309																																6.31E-06							
BGC0001312																																			5.97E-31				
BGC0000601																																				6.36E-06			
BGC0000785																																				1.87E-32			
BGC0000363																																					9.03E-09		
BGC0000997																																					9.37E-31		
BGC0001694																																					5.33E-37		
BGC0000763																																						5.67E-31	
BGC0000245																																						5.67E-31	