Genome_ID	SRR9033715	SRR9033716	SRR9033717	SRR9033718	SRR9033719	SRR9033720	SRR9033721	SRR9033722	SRR9033723	SRR9033724	SRR9033725	SRR9033726	SRR9033727	SRR9033728	SRR9033729	SRR9033730	SRR9033731	SRR9033732	SRR9033733	SRR9033734	SRR9033735	SRR9033736	SRR9033737	SRR9033738	SRR9033739	SRR9033740	SRR9033741	SRR9033742	SRR9033743	SRR9033744	SRR9033745	SRR9033746	SRR9033747	SRR9033748	SRR9033749	SRR9033750	SRR9033751	SRR9033752	SRR9033753	SRR9033754	SRR9033755	SRR9033756	SRR9033757	SRR9033758	SRR9033759	SRR9033760	SRR9033761
BGC0001654	0.512245569	0.114348819	4.65E-11	0.16547064		0.016003013	0.358758979	0.107878339	0.189729507	0.100399936	0.016856682	0.066850536	0.035281448	0.014247663	0.853220644	0.035709957	0.011143952	0.01838748	0.077034015	0.725002091	1.43E-23	0.409348778	0.014410489	0.02098137	0.008269532	0.026019309	0.080819998	0.388770946	0.788484392	0.769105565	0.201661976		0.001663363		0.01056115	0.590777448	0.691448392	0.221866723	0.002736285	0.205136792	0.166544808	0.072637175	0.669713249	0.000143346	0.000595201	0.138092635	0.085259193
BGC0001055	0.119283781	0.022658478	0.55838913	4.44E-05	0.525624377	0.201977757	0.026691044	0.028592126	0.01978501	0.019915965	0.00504972	0.001352109	0.09537279			0.109633373	0.075450016	0.196452448	0.009409809	0.014128466			0.437752442	0.340826838	0.34580361	0.449382142		2.60E-14	0.016760104		0.161430166	0.002572593	5.61E-10	0.009073203	0.114606674	0.023722847	0.003324205	7.96E-11	5.60E-07	0.005311913	0.002691022	0.000602497	0.017139466	0.001621849	0.604600664	0.195528891	0.026315535
BGC0001325	0.115956441	0.358488088	0.041903773	0.00878668	0.104771248	0.415748231	0.009164572	0.013668218	0.426866995	0.297256336	0.752072219	0.074722021	0.167435149		6.69E-08	0.228450555	0.058594908	0.014108213	0.601709874	0.121902865			0.007923308	0.072250082	0.00974071	0.00868257		0.074079274	0.057941219		0.133181484	0.461302622	0.016278612	0.023901521	0.017788189	0.312866651	0.033196232	0.084016728	0.913115104	0.397225226	0.783157384	0.637544253	0.020671795	0.079411914	0.014719759	0.051929003	0.626115041
BGC0001555	0.057868954	0.013562651	0.28743385	0.020399167	0.267413542	0.064123106	0.025387209	0.012494903	0.0158163	0.015133825	0.000599939	0.005850966	0.171824863	0.001255297	0.000813923	0.058767731	0.052184339	0.086107384	0.019761685	0.009453782	1.28E-22		0.32466594	0.185892798	0.271336359	0.274136498		3.44E-06	0.015003837	2.59E-07	0.172136255	0.001279466	3.05E-25	0.002668852	0.388042625	0.021309084	0.002477151		4.40E-07	0.002266345	0.006437222	4.51E-30	0.015788258	0.074381917	0.293687891	0.093777205	0.010115413
BGC0000776	0.046282533	1.12E-05	0.049231556	0.000865912	0.042578477	0.06743885	0.013026798	0.007235113	7.68E-05	0.00066115	0.001083639	1.02E-29	0.003994896			0.0263291	0.024109698	0.069718236	0.000510496	0.006012726			0.04652216	0.022771037	0.034369302	0.03951078			0.000321959		0.019351371	0.00066123		0.001466506	0.033546797	0.008425033	3.63E-09		6.87E-12	0.020348601	0.001456256	0.00041306	3.87E-05	0.000130066	0.050750979	0.042466297	0.002841788
BGC0000799	0.040851112	0.001392057	0.013602343	7.23E-06	0.013132822	0.003605253	0.001857135	0.002586248	0.000120857	0.004652074	0.000718745	1.48E-07	0.00615676	2.40E-26		0.00719133	0.028499093	0.02001755	8.96E-05	0.004136911	7.94E-28		0.015728371	0.00371233	0.013750053	0.013395498			0.00027754		0.005959666			0.000133986	0.072638218		2.89E-05		0.012082396	2.44E-07	0.0009016	8.78E-05	1.74E-13	9.37E-05	0.010453516	0.004888353	0.000622301
BGC0001575	0.040331009	0.388704149	0.027362492	0.057438089	0.023653747	0.183723725	0.361721051	0.02962037	0.192361	0.042546462	0.183452575	0.018777874	0.019806412	0.177304316	0.089406213	0.020341166	0.347185789	0.015450521	0.029263827	0.102877816		0.021512396	0.000564442	0.218206804	0.069677523	0.003272833		0.03160335	0.114469008	5.80E-08	0.021291564	0.045475057	0.670267372	0.002889567	0.157565519	3.62E-29	0.165316045	0.018542915	0.000114215	0.239257726	0.015817484	0.220539668	0.115366306	0.009561797	0.00464273	0.032243303	0.246273654
BGC0000087	0.039222214	7.98E-06			0.000148555	0.003387098	0.003223237	1.70E-05		0.000760927		0.0003915	0.010750389			0.008505719	6.32E-08	0.004765893	0.000935444	0.005469981			0.017982968	0.000750364	0.010942621	0.015512687	0.000340671	0.000755281	0.000690278		0.001875865	0.012466981			0.006348542			0.002754708			0.000480066		0.019399824		0.000674689	0.016808746	
BGC0000230	0.013575544	0.002574387	0.00257811	1.23E-05	0.00200863	0.000539543	2.93E-11	0.000528215			0.000762792	1.36E-13	0.002628858			0.001514492	0.010182821		6.27E-08	0.002249311			0.002780608	0.017833224	0.002103259	0.002381676			0.000869031		0.000383842				0.012525374		8.28E-09				0.000507285	0.001276036	0.000309327	6.79E-08	0.003309289	0.001654261	
BGC0000836	0.011856239			0.001976587				9.77E-14	9.97E-08			2.75E-07	0.00159145			5.02E-11		7.78E-14	0.000143925	0.003980713									0.000110922		0.000638071					9.18E-29					1.20E-05	4.55E-09	3.61E-15	3.74E-13			
BGC0000413	0.001167713	9.63E-06	0.000655931	0.010840961	0.000661459	0.000441332	0.000884207	0.00063593	0.000403703	0.000129824	4.48E-05	0.001975273	0.000227649	0.00090397	0.005896111	0.032788906	0.000412895	0.013345359	0.005511867	0.00034623	0.123014646	7.14E-08	0.00075301	0.001379879	0.0083799	0.003989797	4.54E-06	0.001161312	4.44E-05	8.81E-08	0.010124232	0.000650516	6.57E-09	0.000879703	0.002230276	5.35E-05	0.000180944	0.000164063	2.59E-07	2.38E-07	6.22E-05	8.17E-05	0.001592055	0.004296054	0.000963902	0.000184513	5.42E-07
BGC0001411	0.000550449	0.023469771	8.52E-14	0.008725583	2.28E-14	9.13E-08	8.25E-12	0.398373051	1.05E-11	0.124586346	0.000311532	0.29898498	0.163693467		0.028388341	0.035051666	0.10928074	0.021812303	0.085756206	0.000221139	0.122944835	0.043770486	1.85E-13	0.0126247	7.21E-06	5.09E-14	0.237541201	0.114626928	9.10E-08	0.039223335	0.039580964	0.135902267	0.000303786	0.360827015	0.026898395	1.60E-12	7.69E-10	1.32E-09	3.53E-13	6.03E-29	2.58E-06	1.73E-06	0.000426112	0.300774589	6.36E-13	0.036021811	3.99E-12
BGC0001816	0.000182117		4.41E-06	3.74E-06	0.005417747		1.99E-05	0.0004049	0.002897045		0.001061054	0.000104602	2.32E-06			1.91E-09	7.40E-09	4.15E-10	1.21E-07	1.59E-10			0.117166874	0.000541037	0.07699708	0.099158062		1.03E-06	0.002993931		0.0096042			0.000354217	0.071872255			3.62E-06	2.25E-24		1.11E-06		0.003880904	1.05E-11	0.002623311	0.000100787	
BGC0000547	0.000165403	0.004766298	0.000289807	0.000323616	0.001103149	0.000369276	0.001014851	0.000704063	0.009947518	1.31E-06	0.003803716	0.000541214	8.17E-05			0.001458766	2.22E-07	7.21E-08	0.00053503	0.000967776			4.63E-05	2.90E-08	0.001398626	0.001351994		0.002014757	4.12E-11		1.93E-10	0.019486219	1.10E-08	3.52E-15	0.000102661	0.002011217	0.002824506	0.015918236	0.000171912	0.016245254	1.53E-06	3.30E-05	0.020812654	2.85E-06	0.000454295	1.38E-05	0.000120322
BGC0001209	0.000124926		0.002647073	0.0242913			0.041900627			0.000568919	0.01017816	0.000534922	0.000213275			0.002731633	0.003568136		0.000402386				4.44E-05	0.000750263								0.00383828			0.000865975	0.005787361	0.001855314	0.016546709	0.022617735	0.064351785	0.002028271	0.001273196	0.015589513	8.84E-27			
BGC0000548	0.000124926	0.001416004									0.003947509									0.001990964												0.015963024					7.25E-05				0.001183391		5.21E-31				
BGC0001412	0.000105786	0.020813028	5.72E-27	1.16E-29		1.79E-05	1.31E-11	0.091159015	0.001765867	0.266328381	0.002172768	0.295674908	0.143771328	0.142476359	0.000132506	0.034475362	0.077572364	0.002261386	0.088328607	2.69E-06	0.665757136	0.216775086	1.29E-14	2.62E-12		1.85E-30	0.678575701	0.113926865	0.000434517	0.190868357	0.01136481	0.116162375	4.38E-10	0.357549194	0.011364346	1.22E-12	0.001410862	2.96E-11	3.13E-11		8.37E-31	4.39E-13	0.000570961	0.30333471	8.99E-32	0.043541422	
BGC0000789	4.86E-05	1.82E-06	2.01E-05		4.46E-05	6.36E-06		2.34E-07	3.24E-10	1.45E-07			1.38E-05			1.38E-07	5.20E-07	2.22E-07	3.39E-07	3.14E-05			1.19E-05	3.27E-08	3.02E-06	3.50E-06			4.21E-08		2.13E-06			2.58E-11	6.30E-05						3.52E-07		1.00E-06	2.43E-09	1.29E-06	2.79E-06	3.21E-09
BGC0000523	2.40E-05		4.86E-05	0.00225507	2.09E-06	0.001299018	0.002085361	6.48E-05	0.001558208	3.26E-12	0.002237127	0.000589677	9.21E-05		6.85E-05		1.46E-05	1.86E-07	2.32E-08	6.07E-29			5.41E-07			3.92E-05		0.0150722	2.64E-26			0.000897409	3.50E-07		0.000577317	0.00067737	1.92E-06	0.00016121	5.10E-08	4.04E-06	0.00263383		0.002206047		1.81E-26	0.000209855	0.001746252
BGC0000587	1.24E-05		0.000126069		0.001553934	2.37E-05	2.52E-09	0.001362275								0.001366394	1.69E-08	0.000658746						4.45E-10							0.004537303				0.033626133	2.42E-09					0.001173726				1.06E-05	0.000119198	3.90E-05
BGC0000526	7.65E-06	0.003824617	0.002299867	0.031973602	2.51E-05	1.81E-07	0.061674738	2.21E-05	3.34E-06	0.000722753	0.008280496	4.79E-05	4.92E-06			0.002329046	0.000281564	3.07E-06	8.81E-05	1.37E-05			0.000615697	1.69E-05	9.36E-07	3.89E-06		0.000928736	7.21E-06	0.000364741	0.001270697	0.00384558	0.003679001	2.30E-06	0.0010477	0.004962604	0.005241675	0.000163106		0.033937349	0.003495637	3.92E-07	0.007719278	9.52E-05	2.14E-05	0.001543845	1.19E-07
BGC0000550	6.20E-06	0.004422879									0.001809414		3.27E-07							6.18E-05																					2.81E-05						
BGC0001060	1.89E-06	2.29E-05	1.31E-05	0.00034488	7.94E-15	0.00010054	4.81E-05	1.87E-05	0.000205644	7.63E-05	1.53E-05	4.87E-05	1.84E-06	6.03E-26	6.16E-09	0.000140221	0.000208828	0.000303073	2.41E-05	6.32E-05	0.000292725		3.60E-06	0.000287785	8.37E-05	2.40E-05	1.74E-07	3.23E-06	5.23E-07	3.67E-06	1.09E-05	2.04E-12	6.29E-05	2.13E-05	8.17E-13	0.000464456	1.24E-05	3.11E-05	5.60E-15	0.000246537	3.23E-05	0.000585003	0.000130165	4.05E-05	3.00E-11	4.16E-05	2.21E-05
BGC0000696	1.78E-06	2.28E-05	3.20E-14	1.46E-11	4.37E-05	4.83E-11	4.82E-05	3.97E-11	9.72E-10	1.03E-12	1.53E-05	2.06E-10	1.82E-06		6.15E-09	2.54E-11	1.27E-09	1.52E-11	1.26E-12	1.21E-12	0.000292725	1.45E-08	1.17E-11	2.89E-13	9.72E-12	6.81E-12	1.74E-07	3.21E-06	5.22E-07	3.67E-06	1.85E-13	0.000190302	6.28E-05	6.02E-11	1.86E-05	3.25E-10	1.24E-05	3.09E-05	0.002723873	1.53E-13	3.23E-05	4.76E-11	1.55E-10	2.40E-11	5.78E-07	1.71E-10	2.20E-05
BGC0001701	1.49E-06		1.92E-06	0.013405591	0.000918734	2.64E-08	1.55E-05	5.07E-07	0.110612746	0.002230263	2.40E-05		2.43E-30				1.31E-24	2.37E-05		2.92E-05	0.087697897		1.15E-09	0.077684472	9.28E-08	8.88E-08		0.00011744	6.75E-08	0.00043018	4.01E-05	3.79E-10	0.000498385	6.03E-31	7.67E-10	2.88E-08	5.08E-08	0.631450949		4.07E-05	8.98E-06	0.064917234	0.023533542	1.40E-10	2.13E-09	5.91E-13	2.58E-14
BGC0000730	1.23E-06	0.001329816	0.000973106	0.280142626	0.000332405	1.82E-09	0.017395391					0.015571748	0.016011529		1.30E-07	0.111810761	2.28E-29	5.93E-28	0.001835753		8.22E-27	0.072258362	3.05E-11		0.001579031			3.28E-05	1.33E-28		2.91E-07			5.43E-31							0.000335073	6.31E-31	0.042553917	0.034060649	0.000299727		
BGC0001389	1.69E-08																																														
BGC0001410	6.36E-09	0.023131961	9.03E-11	3.02E-09	1.02E-10	1.28E-10	7.16E-10	0.187044485	2.07E-09	0.071225324	0.001734205	0.129957166	0.069213716	0.663812394	0.022073567	0.02676541	0.034086912	0.006786824	0.04615938	2.73E-08	1.13E-24	0.033705207	7.59E-11	2.79E-07	3.17E-11	1.51E-12	0.002716684	0.093692814	2.11E-06	3.51E-09	0.006492927	0.097695168	2.86E-08	0.144907146	0.027201006	2.86E-09	4.06E-10	2.53E-10	1.05E-09	5.94E-10	3.24E-09	9.93E-08	0.000419051	0.117739612	1.63E-10	0.027256965	1.40E-10
BGC0000791	4.93E-09		7.66E-32	3.63E-10	4.53E-13							1.44E-30				1.30E-08			7.45E-13																2.98E-11								8.39E-11	1.89E-10			
BGC0000297	2.43E-09	2.89E-08	2.78E-08	2.55E-06	8.52E-09	1.87E-08	2.64E-07	6.28E-08	6.33E-08	6.27E-08		5.63E-09	5.96E-09		9.37E-11	1.34E-07	1.58E-07	2.88E-08	3.59E-09	8.92E-09	1.11E-08	5.04E-08	1.07E-07	5.14E-08	1.50E-06	6.82E-08	2.28E-12	1.83E-08	2.20E-07	1.04E-10	2.30E-08	4.67E-07	7.51E-08	1.17E-07	7.11E-09	3.40E-08	1.11E-06	2.76E-08	2.25E-07	5.85E-08	2.27E-09	4.85E-08	2.57E-06	1.20E-05	4.07E-09	4.93E-09	7.96E-09
BGC0000954	4.73E-10	1.39E-07	5.05E-10	6.24E-09	3.64E-09	2.60E-09	2.13E-09	8.46E-09	4.75E-09	6.33E-09		1.91E-10	1.15E-08	1.21E-11	1.74E-12	1.05E-08	1.90E-08	1.58E-07	2.74E-09	1.34E-08	9.46E-09	2.87E-07	1.38E-10	7.18E-09	3.08E-09	1.04E-08		6.59E-10	1.40E-10	6.38E-11	8.68E-09	2.27E-08	1.56E-08	1.50E-09	1.02E-09	1.87E-08	1.85E-09	1.76E-09	1.39E-07	9.21E-09	1.21E-08	1.75E-07	2.66E-08	6.44E-09	9.56E-10	2.26E-08	3.92E-09
BGC0001711	2.20E-10		2.05E-10			1.77E-09	5.85E-07											1.89E-05								3.10E-14		3.38E-07															1.41E-09				
BGC0000787	1.66E-10		7.40E-15		0.000250801			8.09E-05	0.002082686			1.42E-07				4.24E-11			2.42E-12	0.000432557			4.21E-12	0.002383304	1.87E-10	0.000481269			0.000449929					9.89E-31	0.000541587	4.50E-10				0.000152391				1.79E-05			
BGC0001318	9.00E-11	3.78E-10	1.12E-10		5.71E-11	9.65E-10		2.15E-11	2.40E-09	1.37E-10		5.47E-11	5.58E-10			1.04E-10	3.69E-10		6.64E-10	2.61E-11			2.90E-12	2.64E-11				1.73E-10	2.35E-10		2.77E-10	3.77E-10		3.60E-12	1.46E-11	6.59E-10	1.57E-11	3.15E-11			9.82E-10	2.89E-10	9.36E-11	6.85E-10	2.34E-11	2.36E-11	1.30E-09
BGC0001817	4.35E-11	4.99E-11	2.91E-12	1.39E-10	3.29E-12	1.19E-11	6.34E-10	8.75E-12	3.24E-11	7.75E-12		5.55E-11	5.76E-12			3.15E-11	2.45E-10	3.19E-10	4.27E-12	2.29E-10		2.72E-08	2.30E-12	1.10E-10	2.73E-11	1.31E-11		1.53E-06	2.84E-08		9.99E-12	1.52E-11	4.94E-10	6.96E-13	9.66E-12	3.47E-11	2.07E-11	3.72E-12	3.08E-08	8.13E-11	2.63E-05	2.06E-10	1.64E-10	7.60E-12	6.42E-12	7.03E-10	5.80E-11
BGC0000634	3.58E-11	6.56E-10	0.000132401	1.67E-08	3.39E-11	1.52E-13	2.98E-11	1.08E-11	1.13E-10	6.94E-13		0.0003915	5.44E-13			1.27E-09	4.17E-09	3.61E-08	1.80E-12	1.25E-10	2.19E-27		2.22E-13	6.89E-10	1.64E-10	3.26E-11		3.91E-11	5.85E-13	6.69E-11	5.49E-10	1.00E-08	3.09E-12	1.16E-14	1.27E-09	1.73E-10	4.08E-10	2.73E-08	8.06E-12	1.08E-09	2.12E-11	2.15E-12	2.32E-11	1.31E-12	0.000297599	5.33E-13	
BGC0000773	7.32E-12		0.002186455		0.004384666	2.04E-05	4.09E-05	4.95E-05		0.000151958			0.001070103			0.001384276	0.003434992	2.55E-09	0.000398839	3.68E-08			0.007071417	0.000884866	0.003533655	0.002972433			0.000137044	9.16E-13	0.000576464			1.90E-31						2.10E-27				9.83E-13	0.001410674	0.003218583	
BGC0000913	3.07E-12		3.50E-08	1.21E-08	6.91E-14			9.84E-13				1.15E-11	3.54E-10	4.12E-10	5.63E-09	4.68E-06	8.76E-30	9.51E-31	1.40E-06		1.56E-08		1.07E-11			1.18E-11	8.61E-07	7.44E-06	4.68E-30	8.07E-08				1.17E-30	4.57E-13								2.31E-10	1.41E-06	1.50E-29	1.01E-30	
BGC0000136	9.28E-13	1.20E-11	6.22E-16	2.37E-29	2.12E-30	4.20E-13		3.36E-30	2.46E-13	3.19E-15		1.36E-11	2.33E-14				1.17E-13	4.67E-13	6.63E-31	4.46E-12			1.12E-13	2.24E-11	4.53E-12	3.10E-14		4.01E-17	7.71E-30		4.20E-13	2.29E-13	8.16E-13	1.39E-11	1.26E-29	6.37E-12	1.05E-12	6.60E-14	8.11E-12	9.05E-30	5.08E-14	1.67E-09	6.08E-11	2.64E-13	2.17E-30	1.30E-14	6.12E-11
BGC0000007	6.50E-13	1.85E-10	1.50E-11	9.61E-12	6.13E-12		5.73E-11	9.63E-30	4.74E-11	5.21E-11		1.15E-11	1.50E-11			3.70E-12	3.77E-11		6.43E-12	6.49E-12			5.23E-13	3.20E-29	8.19E-12	1.58E-30		4.05E-11	2.29E-29		2.36E-12	4.80E-12	8.28E-12	4.37E-30			1.41E-10	2.93E-12		5.39E-09	7.50E-12	5.80E-11	1.18E-11	3.97E-12		1.54E-12	3.98E-11
BGC0001721	5.15E-13		1.71E-12																													2.00E-09											2.31E-09				
BGC0000806	2.29E-13		6.09E-13	2.14E-29	1.39E-12			4.53E-13	1.76E-13	3.36E-30		1.94E-31				1.79E-11	1.62E-13	2.56E-12	1.18E-31	4.50E-29			2.16E-14			2.61E-15			2.88E-29			3.87E-31	4.76E-10	2.77E-14	4.15E-30	2.08E-29					1.10E-29	3.04E-29	1.76E-14	1.60E-14	6.06E-13	2.81E-29	
BGC0000085	5.11E-14		9.73E-31		2.74E-14			8.15E-16		8.82E-14		1.94E-31					1.68E-30	2.17E-30	4.00E-29	3.42E-30			2.13E-15	7.25E-30		2.73E-31					1.83E-14	6.15E-29			3.38E-31	1.12E-29							2.02E-13	1.08E-31	1.88E-30	9.07E-31	
BGC0000610	2.44E-14	4.58E-14	6.99E-13	2.43E-13	1.52E-13	5.66E-11	1.21E-13	2.27E-13	7.70E-12	7.58E-14		1.81E-12	1.47E-10				1.24E-09	1.73E-09	2.21E-14	5.73E-15	5.67E-28		3.11E-14	4.63E-13	3.23E-12	2.23E-14		3.04E-15	7.25E-29		2.86E-14	1.65E-13	3.85E-12	1.05E-11	4.04E-13	1.14E-10	2.51E-14	3.08E-13	1.84E-12	1.49E-12	1.62E-14	1.77E-12	2.08E-11	2.66E-12	1.42E-14	4.06E-11	1.86E-14
BGC0000312	8.32E-15		5.51E-32	5.86E-29				5.23E-31		1.96E-14			6.88E-13			9.16E-13		4.05E-13		7.97E-15			1.19E-13		2.93E-13	1.91E-13		2.60E-14				1.80E-12				3.55E-29	1.31E-13		8.40E-29	7.87E-28	6.00E-30	7.58E-30		1.22E-31		3.17E-30	
BGC0001155	3.65E-15		1.99E-14	9.49E-29	5.31E-12	2.74E-14	5.13E-14	5.22E-13	7.80E-12	8.19E-15		1.17E-29	1.01E-15				1.17E-13	3.29E-12	4.05E-30	2.00E-14			4.90E-15	1.26E-28	9.72E-14	4.29E-29			4.92E-29			4.17E-14		2.68E-14	1.71E-29	5.90E-29		1.37E-11	4.16E-13	1.34E-28	1.15E-14	2.82E-12	6.10E-14	6.32E-14	2.43E-13	1.49E-29	
BGC0000714	1.60E-15					1.15E-13			1.58E-12	7.60E-31		2.18E-13	1.98E-14				3.14E-13	3.07E-12	9.70E-15						1.26E-13	4.59E-12		3.99E-13	9.26E-13				4.41E-20	9.36E-14	3.84E-14	6.69E-13		2.43E-13				2.54E-12	2.86E-12	3.86E-14	1.06E-31	2.12E-12	
BGC0001317	9.74E-16			1.91E-29						1.72E-31			8.35E-31																			7.28E-13					7.35E-14			1.87E-28	5.95E-15		2.24E-13	5.93E-32		3.07E-31	
BGC0000090	5.94E-16		1.02E-30		5.74E-15		1.27E-13	9.93E-31		7.60E-31		1.65E-31					3.73E-29	1.42E-13					4.81E-16			3.79E-31			4.92E-31			1.64E-14		1.71E-30	3.77E-30	2.75E-14			1.37E-29		1.19E-31	7.45E-31	1.24E-13	1.52E-15	7.00E-31	9.60E-31	
BGC0000948		0.007445635						0.018899343	8.76E-31	0.024819304		0.043783046	0.026396519			0.00332787	0.010182184		0.009000316			0.057900634			1.55E-13			0.018176198	0.000116059		0.001255653	0.025985467	8.11E-05	0.036410675	0.001509258						2.69E-11		2.90E-05	0.033437668		0.007364473	
BGC0001681		0.006194248	2.65E-31		1.12E-30	1.05E-10	6.95E-06	0.026080443		0.02339151		0.04358209	0.023812349			0.001562295	0.004463263	0.002423219	0.016142084	5.09E-09				1.39E-09				0.015602312	2.54E-31		0.001657308	0.037751743		0.058274643	0.005976647							3.80E-11	1.02E-08	0.040551767	2.12E-31	0.005532624	
BGC0000535		0.001286543	4.20E-07	0.066557936		0.014345912	5.20E-10		2.77E-09		0.000646756					1.60E-05	0.003394061		2.79E-27									9.25E-05			2.32E-06	0.004040811								4.12E-25	0.000356913		0.000287901	4.59E-05		8.45E-28	
BGC0000588		7.98E-05	7.57E-05		6.65E-06	0.001227799	1.59E-05	5.59E-05	0.000243764	2.34E-06			0.004353222			1.80E-10	7.55E-28	6.00E-05	0.000219091	0.000623146			0.004287291	0.002387892	0.002568546	0.003896885			0.000434516		0.000694282			7.06E-32	0.002481751								0.000115734	5.38E-06	4.79E-07	0.002204328	1.44E-06
BGC0000764		9.16E-06		1.70E-05	2.19E-05	0.002979994	0.004891527	6.52E-05	0.005243367	0.000413274		0.000261912	8.86E-12			0.023137976	7.57E-06		3.30E-05			0.000211859			4.43E-05			0.000136669	2.34E-06		0.000289607	0.000506135	2.97E-07	0.000110599				3.65E-05		1.99E-08	0.006233937		0.003897117	1.69E-06		0.000260977	3.73E-11
BGC0000810		4.90E-06						5.41E-05		3.38E-29									1.94E-10							6.19E-10					6.08E-08					5.60E-29					4.46E-06		0.000150822				
BGC0001729		1.71E-07	4.87E-08		4.89E-08		2.81E-07	2.69E-10	2.36E-08	2.09E-09			4.18E-08			6.84E-08			1.00E-07	2.53E-08				4.47E-07	2.64E-08			7.94E-08			8.42E-08	6.49E-28			7.73E-09		6.48E-07		2.27E-06	7.88E-07		3.59E-07	5.99E-08	2.30E-09		1.13E-07	6.45E-08
BGC0001759		6.87E-14	3.57E-12	1.95E-11	3.49E-10	1.32E-14	8.96E-10	8.06E-10	3.50E-09	6.63E-10		2.11E-12	3.49E-12		1.75E-11	5.82E-10	7.83E-11	5.37E-10	3.29E-13	3.15E-13			1.24E-15	1.14E-13	3.04E-11	3.58E-11		1.11E-11	4.06E-13		1.27E-12	4.89E-12	3.03E-12	1.42E-14	2.53E-11	1.05E-11	4.86E-11	1.83E-11	6.18E-10	1.43E-12	2.99E-13	1.16E-11	2.40E-11	3.28E-11	1.28E-10	3.46E-12	8.66E-16
BGC0000568			0.007684511		0.005300894								0.03527624					3.11E-26	0.006704529					0.017833224							0.003131375					0.011574721									0.000377088		
BGC0000617			0.000580519										0.000213275																																		
BGC0000725			0.000444295		0.000250729		0.00030946	0.005486264					6.45E-32				0.010519005	0.040856811		1.88E-31					0.040563874	0.016375613					0.032577167														5.71E-05		
BGC0000287			0.000290215					0.002609253									0.00070163	0.033779687							0.010302456	0.007378836					0.019289029		3.01E-27												1.76E-08		
BGC0000922			0.000163351		6.70E-05		0.001611619	0.00132882				8.73E-07					0.006788581	0.032713762							0.020850863	0.010334299					0.018861541														1.80E-05		
BGC0000936			0.000140741				0.000507694	0.00444466			2.81E-05						0.003836988	0.01919851					3.12E-06		0.019252727	0.006038451					0.012136646														0.000110572		
BGC0000784			0.000128814														1.73E-06																												0.001230904		
BGC0000790			0.000122636		2.03E-10	7.08E-06		0.000203009		0.001194296						3.56E-07		9.32E-06	5.02E-30				2.08E-07	1.65E-08	3.19E-07	3.56E-08																			2.78E-13		
BGC0000923			0.000116963					0.000667191									0.001830389	0.005087098							0.004720758	0.001053482					0.010729831														4.18E-05		
BGC0000549			0.000113059	1.32E-13	1.04E-05		3.05E-06	0.000320734		3.82E-13	7.62E-06					1.87E-09										8.29E-15		6.43E-05				0.00044801			2.76E-10		0.001590928	3.12E-05			2.79E-06		0.000245331		1.79E-07		0.000171861
BGC0001682			0.000111073					0.000327115										0.004292574							0.005117966	0.001166118					0.003494982																
BGC0000561			7.00E-05			5.38E-12		3.59E-11				1.20E-29	4.04E-07			2.91E-12				7.02E-10								0.000755326										1.49E-05			4.34E-13		0.000146367			0.000795482	
BGC0001805			2.30E-05	0.000465146	3.31E-07	7.29E-11					2.50E-06	4.96E-12				1.99E-10			2.76E-09															2.14E-11			1.95E-08						1.93E-08	1.02E-09	0.003906073		
BGC0000446			2.30E-05	0.000465146	3.31E-07	7.29E-11					2.50E-06	4.96E-12				1.99E-10			2.76E-09															2.14E-11			1.95E-08						1.93E-08	1.02E-09	0.003906073		
BGC0000412			1.10E-05				0.000187216	0.005392984									0.017264311	0.019296118					4.44E-05		0.025176429	0.008510781					0.013823582														0.000827504		
BGC0000781			2.92E-07		3.95E-31			0.000855839			0.001061054							0.00793273	8.12E-31						0.007515013	0.000838137					0.018650916				9.09E-31								4.45E-31	4.02E-31			
BGC0000777			7.80E-08		4.71E-08					3.76E-15			0.000704938			0.001274871			7.56E-26																							6.47E-06	2.78E-06		3.85E-23		
BGC0000749			1.86E-11	1.24E-10	1.92E-11							1.56E-10	1.17E-11			2.74E-05		1.28E-08	2.62E-30				3.40E-11		1.17E-12	3.00E-12					7.48E-13					8.73E-14					6.67E-31		8.67E-07	2.92E-05			
BGC0000788			6.90E-13		6.20E-15	2.34E-13						1.19E-30				8.83E-10			1.34E-10															7.06E-32	9.90E-12	2.43E-30							1.35E-14	1.40E-08	4.75E-30		
BGC0000972			4.58E-13	1.03E-09	3.43E-08		0.05366388	0.039749786				2.31E-08	1.04E-12			0.174480905	0.099916156	0.360964203								0.000549873		0.000755281				0.001282792		2.63E-10		0.005787361	0.015422243	4.89E-10					0.005032996	1.38E-11	1.25E-10	0.291924954	
BGC0001685			2.41E-13	0.00508787	1.25E-09			1.00E-31				2.20E-10	6.05E-31	2.40E-26		0.026590593	1.03E-30		3.42E-13							7.34E-31		4.30E-13							1.72E-30		3.18E-07				1.66E-31		7.04E-08	2.98E-12	8.64E-27		
BGC0000768			2.37E-13																							3.82E-30																	6.11E-31				
BGC0001929			2.02E-13			8.75E-13	2.59E-07																	1.15E-12											7.70E-31		1.36E-08	1.14E-10					6.18E-09				
BGC0000615			1.03E-13	4.18E-13	8.46E-13	1.77E-14	4.20E-13	2.96E-12	3.98E-09	1.72E-12		6.36E-12	2.13E-12			4.58E-12	2.79E-10	2.55E-09	4.99E-12	1.14E-29				5.35E-12	9.62E-12	1.98E-12		1.64E-11	9.64E-30		5.13E-13	4.97E-13	4.36E-12	3.86E-10	4.11E-13	3.38E-10	2.56E-11		9.42E-28	2.06E-10	5.97E-27	1.73E-09	5.76E-14	1.78E-12	8.94E-29	1.21E-10	
BGC0001684			7.45E-14	5.21E-08		1.03E-12	9.72E-11					6.49E-11				4.38E-10																											1.50E-07	1.36E-13			
BGC0001472			2.77E-14	4.33E-30	1.83E-30			5.21E-15	1.24E-29	2.77E-30		1.69E-30	5.22E-31				5.27E-30	3.41E-14	7.65E-31	3.52E-30				6.93E-30		2.23E-14			5.02E-31			1.94E-29		7.06E-32	1.63E-30	6.55E-30			2.01E-29		8.59E-31	3.97E-30	7.63E-15	1.69E-30	1.55E-30	3.75E-30	
BGC0000295			1.99E-14												5.50E-12	0.001724976																		1.58E-09										2.58E-09	4.63E-11	4.53E-11	
BGC0000203			1.21E-14	5.52E-28					2.42E-28	2.39E-31		7.26E-29	2.64E-29				1.90E-12	6.51E-12		2.26E-30	4.79E-28					3.19E-12			3.14E-31					1.99E-14		3.63E-29		5.59E-14		3.39E-29	3.91E-31	6.05E-15	4.09E-16	4.75E-15	6.11E-30	1.31E-28	
BGC0001302			1.98E-15		1.20E-30			8.70E-14	8.76E-31			1.40E-31					8.39E-29	1.49E-14											8.07E-31			2.05E-30							6.63E-28			3.85E-31	1.19E-30	1.85E-16	6.43E-30		
BGC0000727			1.98E-15	3.67E-30	9.35E-31			4.96E-31		2.58E-30		3.29E-31	7.67E-31				2.12E-29	2.06E-29								8.66E-31			2.14E-30			9.82E-30		6.23E-31		9.46E-30							1.60E-30	4.99E-31	5.60E-31	3.60E-30	
BGC0001571			4.14E-28	5.76E-28	8.86E-29			1.08E-28	7.22E-27	1.34E-26		1.04E-29	7.45E-29				9.44E-29	6.18E-27	3.32E-30	9.53E-27				6.42E-27		7.52E-29			5.94E-30			6.99E-28	1.48E-26	3.17E-27	3.08E-26	8.11E-29			1.65E-27	3.59E-26	2.57E-26	2.13E-26	2.72E-28	1.33E-16	4.00E-30	1.00E-27	
BGC0000944			1.28E-29																																												
BGC0000082			5.75E-30		1.22E-12			4.94E-30	9.90E-15	8.60E-30		3.60E-15	7.62E-30				9.20E-29	1.85E-28	1.92E-29	4.16E-30			9.32E-16	2.05E-29		3.68E-30			7.16E-30					6.64E-14		1.27E-12		6.70E-12	1.90E-29		1.01E-31	3.72E-13	2.71E-13	2.59E-15	1.02E-14	7.17E-29	
BGC0001963			4.96E-30	2.69E-28	9.51E-30			5.09E-13	1.74E-29	4.85E-31		4.11E-30	3.20E-31				4.03E-29	2.05E-28	2.76E-30	4.89E-14				8.08E-28		2.92E-30			1.11E-29						4.28E-29	3.73E-13				2.84E-28	4.40E-30	1.00E-29	9.50E-30	3.44E-14	4.11E-31	2.63E-30	
BGC0000760			3.26E-30													1.26E-13																															
BGC0001941			2.90E-30	5.10E-30	1.56E-30			4.27E-14	7.22E-30	1.59E-29		5.89E-31	6.45E-32				8.56E-29	2.45E-14		4.89E-30				5.21E-30		1.94E-30			1.83E-30			3.15E-30		7.18E-31	3.98E-31	4.19E-29		1.07E-14	6.04E-29	1.26E-29	4.26E-31	9.20E-31	3.80E-30	5.01E-15	1.60E-30	2.04E-30	
BGC0000703			2.89E-30		1.76E-29			2.98E-30	1.42E-29	2.27E-30		2.36E-29	3.65E-30				7.33E-30	1.37E-13	2.34E-30	4.86E-15				1.51E-29		1.36E-29			2.84E-29			2.37E-29		2.04E-30	3.02E-30	7.77E-30			5.16E-28			4.82E-30	2.92E-14	2.18E-16	8.89E-31	6.16E-30	
BGC0000447			1.58E-30		1.25E-30			3.76E-31					1.60E-30					4.95E-30								3.15E-30									3.76E-30								1.01E-31	4.32E-31	2.54E-30	1.35E-30	
BGC0001984			1.31E-30		7.58E-32					1.58E-13							4.28E-30	3.51E-30					2.53E-14			2.73E-31										2.39E-28						6.10E-14	3.23E-12		3.39E-30		
BGC0000709			8.44E-31	9.12E-30	1.08E-30			6.77E-30	1.92E-27			7.02E-30				7.46E-14	7.09E-29	8.92E-29	2.29E-31	3.09E-31				2.69E-30	2.54E-13	2.25E-29		3.09E-13	1.73E-30			1.59E-31	1.36E-28	4.58E-30	7.09E-30	1.23E-29				6.27E-29		2.62E-11	5.03E-15	1.15E-13	5.68E-31	4.32E-30	
BGC0000289			7.09E-31		5.71E-31			7.22E-32				1.14E-30	3.66E-31					2.51E-30	1.40E-31							8.66E-31			1.88E-30														1.31E-30	4.95E-32	4.68E-31	8.26E-31	
BGC0001940			6.55E-31		1.25E-30																					1.96E-31														1.48E-29							
BGC0001638			3.99E-31										1.19E-30																																		
BGC0000786			3.56E-31		8.84E-31			4.43E-31					1.92E-30							3.64E-31						1.02E-30									1.49E-30								8.45E-31	1.20E-30			
BGC0001381			3.39E-31	1.68E-29	7.58E-32			5.43E-30	5.32E-12	1.51E-30		7.27E-31					1.11E-29	2.17E-29		9.40E-15				8.06E-29		2.00E-30			5.78E-30		1.33E-12	4.56E-31		3.68E-31		6.55E-30				3.52E-29		1.26E-18	1.31E-14	1.33E-16	5.29E-15	1.85E-11	
BGC0000100			2.77E-31		2.41E-31			2.69E-15				6.21E-30	8.97E-32				1.03E-30	1.02E-29	1.94E-31	1.88E-31						8.36E-14									3.38E-31	2.06E-30			2.24E-29			3.85E-31	1.24E-29	5.43E-32			
BGC0001590			2.57E-31	2.55E-30				8.51E-32	5.38E-30			1.94E-31					7.25E-29	1.03E-28																		2.87E-30						1.80E-30	3.31E-31	2.03E-31	1.15E-30	2.60E-31	
BGC0001511			2.53E-31		1.38E-30			1.17E-30	2.36E-30				1.06E-31				3.84E-30	2.98E-30		2.22E-31						5.13E-13						8.82E-31				9.11E-30			3.68E-29				2.30E-31		2.05E-31		
BGC0000315			2.32E-31		2.04E-31												1.43E-30	9.51E-31																											5.00E-31		
BGC0000774			1.75E-31																																												
BGC0001053			1.46E-31	1.82E-28	1.43E-13			8.71E-30	8.74E-30	4.52E-30			7.19E-30				9.42E-30	1.56E-30						5.21E-30		1.66E-31						5.19E-14		1.90E-31		2.74E-29			3.05E-28			2.98E-30	1.35E-29	6.47E-31	7.34E-31	1.09E-28	
BGC0001885			1.45E-31	2.68E-12	1.46E-30	1.50E-11	4.65E-13	3.85E-30	3.88E-11	2.31E-14		4.23E-12	1.39E-13			1.61E-11	1.97E-13	3.56E-11	2.05E-11	1.57E-12			1.52E-13	7.00E-13	1.35E-10	3.29E-11		1.71E-11	1.04E-29		4.62E-14	2.44E-29	6.22E-12	3.71E-13	9.88E-30	8.90E-12	1.83E-12	8.02E-10		6.28E-13	3.58E-13	1.73E-10	3.87E-12	1.21E-13	4.49E-15	3.90E-10	
BGC0001891			1.26E-31			7.05E-15		4.47E-30												2.22E-31																											
BGC0000084			1.20E-31	8.37E-30				1.18E-30				3.12E-31	5.83E-31				1.43E-30	4.06E-29		1.11E-29						1.24E-29													4.37E-28		1.42E-30	6.31E-31	2.86E-30		2.38E-31	9.55E-31	
BGC0002030			1.20E-31					4.26E-32		1.15E-15		4.84E-30	4.95E-31				1.63E-30		2.89E-31													2.69E-31		8.06E-32					8.89E-29	1.43E-12	1.43E-31			4.85E-15		1.13E-28	
BGC0001866			1.20E-31					4.26E-32		1.15E-15		4.84E-30	4.95E-31				1.63E-30		2.89E-31													2.69E-31		8.06E-32					8.89E-29	1.43E-12	1.43E-31			4.85E-15		1.13E-28	
BGC0001944			1.07E-31					1.94E-31																																							
BGC0001859			1.05E-31					6.04E-12				1.17E-11	1.70E-31			4.11E-10		4.02E-29	1.14E-14							1.69E-07						1.04E-30											7.05E-14	2.38E-14	9.87E-30		
BGC0001766			1.01E-31		8.99E-14			3.48E-15	1.24E-29	1.01E-31		3.81E-31	6.02E-30				1.60E-30	8.88E-14	5.68E-16	9.22E-31			1.27E-13	7.02E-30		1.14E-30			1.22E-30			1.01E-12	5.88E-21	8.54E-31	2.35E-31	2.09E-30	4.77E-12		4.06E-29			3.72E-14	2.99E-14	1.02E-14	1.93E-30	6.45E-31	
BGC0001230			1.01E-31		8.99E-14			3.48E-15	1.24E-29	1.01E-31		3.81E-31	6.02E-30				1.60E-30	8.88E-14	5.68E-16	9.22E-31			1.27E-13	7.02E-30		1.14E-30			1.22E-30			1.01E-12	5.88E-21	8.54E-31	2.35E-31	2.09E-30	4.77E-12		4.06E-29			3.72E-14	2.99E-14	1.02E-14	1.93E-30	6.45E-31	
BGC0000982			9.34E-32					4.61E-31	1.02E-29	1.73E-30		1.58E-29	4.25E-31				2.41E-29	3.69E-30	1.66E-30							4.47E-31								1.58E-30									2.20E-31	1.39E-32		1.65E-29	
BGC0001833			9.04E-32					3.19E-31											1.18E-31																												
BGC0002028			5.51E-32							9.00E-30																						8.82E-31	2.39E-14										5.03E-15				
BGC0000763			5.51E-32																																									3.58E-31			
BGC0000672			5.51E-32		2.04E-31		1.75E-14	1.18E-31					7.58E-30						1.65E-31					4.42E-30	2.56E-12	1.24E-30		5.11E-12	2.15E-31			3.37E-30	1.73E-13							1.43E-12	1.15E-14			8.05E-15		7.63E-31	
BGC0000269			5.51E-32	2.64E-30				6.84E-31	1.03E-30			7.99E-31	7.02E-31					1.84E-30		1.82E-14				7.12E-30		3.79E-31															1.01E-31		4.09E-16	3.31E-32	8.38E-31		
BGC0001292			3.96E-32		1.47E-31			6.53E-31	8.76E-31									1.32E-30						3.18E-30					1.55E-31					7.06E-32									8.08E-31		3.21E-31		
BGC0000903			3.96E-32		6.47E-31				8.00E-29								2.76E-30			1.90E-30						5.38E-30										4.57E-29				1.48E-29	1.20E-30	1.22E-29	4.11E-31				
BGC0001281			3.36E-32					3.30E-31		3.03E-30		8.28E-31	9.88E-31						2.58E-31	1.88E-31			6.43E-17									8.43E-31			1.15E-30					5.52E-30	1.19E-31	4.54E-31				2.60E-31	
BGC0001008			3.36E-32	2.45E-29	6.60E-31		5.59E-13	3.29E-31	1.71E-28			2.67E-30	7.33E-30			1.32E-12		1.28E-13	2.95E-30	1.82E-14			4.11E-15	2.18E-13	2.15E-13	8.55E-30			2.46E-29				7.92E-21	3.12E-14	4.49E-30	7.00E-30				4.68E-30	5.63E-14	5.13E-15	2.83E-13	1.13E-15		1.55E-29	
BGC0000956			3.36E-32																5.91E-15																								2.20E-15	9.44E-14			
BGC0000728			3.36E-32																																1.13E-30								2.06E-12	3.38E-14			
BGC0000268			3.36E-32						8.31E-30			2.50E-30					2.36E-29	9.47E-30	9.67E-31													1.04E-30		3.68E-31		2.06E-30						9.92E-15		1.37E-30		2.13E-14	
BGC0001732			2.75E-32		8.26E-32			3.08E-31					2.75E-31				1.94E-30	9.91E-30								8.31E-32			1.77E-31			1.82E-30				7.17E-31							1.76E-31		3.04E-31		
BGC0001731			2.75E-32		8.26E-32			3.08E-31					2.75E-31				1.94E-30	9.91E-30								8.31E-32			1.77E-31			1.82E-30				7.17E-31							1.76E-31		3.04E-31		
BGC0000538				0.188405956																																											
BGC0001686				0.061279961	7.58E-32			3.79E-30																																							
BGC0000620				0.050410256		0.001656815			1.25E-07		3.29E-06	5.39E-27				0.013413501												0.000756645	2.57E-08			0.004908569				0.005788141					0.003859487		0.000681399	1.99E-06		0.000734848	
BGC0000521				9.91E-08	6.57E-29	0.019695381			0.020279318								0.004881335		7.28E-31							1.21E-29		0.000755281	1.36E-05			0.006686883		0.000233527		0.005787361		0.001377354			2.65E-13		0.006325747			0.000729682	
BGC0000498				4.15E-08				3.59E-11		6.51E-08			7.60E-32							1.39E-06			4.41E-06									2.43E-27				6.47E-10		1.12E-09			5.99E-14		1.68E-09	8.28E-14			
BGC0000003				3.69E-09									6.14E-15			1.01E-08	8.82E-08	4.86E-07	4.44E-31	4.30E-31			1.83E-13			7.34E-31						3.21E-12								3.83E-29	3.75E-15		1.58E-15			1.82E-13	1.15E-14
BGC0001894				6.80E-14						2.38E-10													5.90E-11																				7.47E-28				
BGC0001204				5.96E-14	8.94E-32				3.10E-30	1.94E-15								8.06E-31		1.64E-30			1.52E-16	3.18E-30																	4.77E-31	4.17E-30	9.66E-16				
BGC0000778				5.18E-28	9.29E-13														3.94E-31																								7.18E-11	1.56E-14	5.82E-11		
BGC0001214				4.62E-29				2.94E-30	6.12E-13	3.08E-30		2.17E-28	1.54E-29			4.73E-13	9.58E-12	3.51E-12	1.93E-30							5.13E-13			1.85E-29			1.19E-13	2.56E-28	1.28E-29	6.70E-13	1.35E-28			1.76E-13	1.22E-11		5.21E-13	8.95E-29	6.07E-30		1.90E-29	
BGC0000711				9.12E-30																												1.59E-31				1.23E-29											
BGC0001567				8.38E-30								4.43E-31														5.94E-31						1.23E-30			3.98E-31	9.18E-29											
BGC0000522				8.37E-30																																					1.42E-30						
BGC0000733				5.10E-30							0.000951916								8.83E-15			0.072258362												6.82E-15			9.07E-14						1.29E-10	4.06E-14	1.50E-07		
BGC0001799				4.33E-30		3.30E-11	2.39E-09						4.58E-12						7.57E-09	3.08E-10												7.48E-31								2.16E-29	5.37E-29		9.97E-12				
BGC0000128					0.000250729			0.010885243										0.003163608							0.003527819	0.002960946					0.045458541																
BGC0001502					2.11E-05																																								1.17E-06		
BGC0001602					4.22E-08					9.19E-05																								7.78E-05										8.67E-05			
BGC0001388					4.22E-08					0.001702135													0.000527454											7.78E-05													
BGC0000619					4.22E-08					9.19E-05													0.00012656											7.78E-05				0.001377372						8.67E-05			
BGC0000838					5.57E-09																																								4.63E-11		
BGC0000779					3.23E-14																																								1.76E-08		
BGC0000782					1.19E-15												8.76E-30																												2.73E-31		
BGC0000792					9.22E-28							3.86E-06	1.74E-09					1.98E-25					0.000783866		1.39E-05			0.124975959	7.00E-28		0.000996866								0.046434506						4.81E-06		
BGC0001379					3.98E-30																					1.66E-31																					
BGC0000238					2.86E-30			8.22E-15	1.69E-30				1.66E-15																						6.53E-31								1.01E-31	3.31E-32			
BGC0001435					4.81E-31																													8.32E-32										5.20E-32			
BGC0002026					4.65E-31																																										
BGC0001423					3.35E-31																																										
BGC0000343					2.41E-31			9.12E-29																		3.09E-30																					
BGC0001235					1.81E-31			3.83E-30		1.72E-31							1.68E-30	4.95E-30		6.95E-31						2.73E-31			1.31E-31										1.32E-29		3.21E-31	2.36E-30	5.98E-14	3.08E-31	1.09E-30		
BGC0000385					1.24E-31			2.19E-15				1.18E-31					2.34E-30	2.24E-30																									1.15E-29	3.73E-32	1.48E-31		
BGC0000163					1.24E-31			2.01E-31		7.59E-31																																	1.67E-30	1.34E-32			
BGC0000833					8.94E-32				4.56E-30																																	4.41E-30		1.39E-32		1.05E-30	
BGC0000729						0.00126156						6.25E-29				4.99E-06			8.38E-12																1.13E-30								0.000353285	3.32E-13			
BGC0000545							0.013685759	4.40E-30																							0.007618864			6.24E-05				0.001377354						2.84E-05			
BGC0000895							0.000157795																																							0.000808643	
BGC0000357							7.90E-11																																								
BGC0000014							1.07E-14																																				1.15E-14				
BGC0000347								3.30E-05	4.44E-12																																		9.58E-11				
BGC0001285								8.28E-14				2.32E-29				5.68E-12	3.87E-29	3.32E-28							6.95E-11	1.60E-14					5.37E-12														8.49E-30		
BGC0000700								8.28E-14	3.79E-11									8.06E-31											1.83E-31			2.75E-11			2.86E-31								1.18E-10				
BGC0000851								2.69E-15																1.01E-29					4.16E-31							2.43E-30							1.06E-30	3.33E-32			
BGC0000344								6.22E-28				1.04E-29				1.73E-13		1.21E-29	1.58E-15							5.36E-29																	1.58E-15	3.28E-15	3.42E-29		
BGC0000093								4.23E-30																		4.56E-30																					
BGC0001045								1.96E-30																																							
BGC0002001								2.29E-31										1.12E-30																													
BGC0001619								1.57E-31									2.76E-30	8.06E-31		4.30E-31																											
BGC0000296								1.40E-31									4.34E-14	5.86E-14											9.81E-31														2.26E-31	6.18E-32		3.58E-30	
BGC0000916								1.00E-31																																							
BGC0001812								8.51E-32																																			2.87E-31				
BGC0001421								8.51E-32																					2.79E-30																		
BGC0000565								8.51E-32																																					1.25E-31		
BGC0001093								6.12E-32																																							
BGC0001908								3.06E-32																											2.77E-31								4.73E-31	4.57E-32	4.50E-32		
BGC0001770								3.06E-32																											2.77E-31								4.73E-31	4.57E-32	4.50E-32		
BGC0001006									3.17E-13			1.26E-30					2.85E-30	1.60E-29						6.20E-29										7.06E-32								3.88E-30		6.57E-32		1.20E-30	
BGC0001726									2.26E-28			1.98E-13	1.10E-29				2.07E-28	1.49E-14	2.19E-29						3.56E-12	2.37E-29								4.22E-13		1.39E-13						6.25E-13	1.47E-29	3.60E-15		1.99E-28	
BGC0000431									2.15E-29			1.36E-13					8.40E-14	1.52E-12	2.83E-31									9.66E-15						1.11E-15	1.27E-29	1.00E-28						1.44E-29	8.61E-31	1.14E-14		1.30E-14	
BGC0000883									1.31E-29									7.60E-30								1.35E-30																7.45E-31		5.86E-16			
BGC0001311									9.25E-30											2.22E-31				1.80E-29															9.78E-29			1.07E-30	4.70E-14				
BGC0001730									3.28E-30			6.59E-31					5.05E-30	2.86E-30	1.65E-31															2.95E-31								1.94E-30		9.91E-32			
BGC0000651									8.76E-31									2.17E-30																								2.00E-30					
BGC0000624										0.000568919	0.001061054																													0.015473972							
BGC0000308										0.000346779																																					
BGC0000943										2.92E-05																																	0.000105024				
BGC0000766										6.55E-08													4.14E-07									7.22E-14		5.09E-10				2.22E-06					3.20E-31	2.12E-09			
BGC0000767										7.64E-11																																					
BGC0001553										5.46E-31			1.06E-31				1.21E-30									2.73E-31									5.54E-31	2.00E-30			1.61E-29				1.01E-31				
BGC0000765										3.92E-31													5.60E-08											8.29E-11				3.54E-09						8.65E-09			
BGC0000096										2.03E-31																																					
BGC0001639												1.66E-08																													1.70E-06		0.000251854				
BGC0001788												1.67E-29																															7.05E-14				
BGC0001931												1.23E-30					2.76E-30	9.51E-31														2.69E-31															
BGC0000537												1.94E-31																															2.25E-12				
BGC0000098													2.23E-31					1.12E-30																		2.87E-30				1.02E-13							
BGC0001585													1.06E-31																											6.33E-12							
BGC0000748													9.21E-33																																		
BGC0000747													9.21E-33																																		
BGC0000746													9.21E-33																																		
BGC0000745													9.21E-33																																		
BGC0000744													9.21E-33																																		
BGC0000741													9.21E-33																																		
BGC0000740													9.21E-33																																		
BGC0000294																0.006552555		5.81E-09											3.53E-31																		
BGC0001947																0.001134853												0.00023793																			
BGC0000467																1.51E-09																					1.48E-12										
BGC0001838																5.89E-12		6.89E-30	8.08E-30																												
BGC0000732																9.09E-14			1.43E-10															4.19E-14									5.00E-12	2.25E-12			
BGC0000731																	2.28E-29					0.072258362												5.43E-31									0.003414159				
BGC0001343																	4.79E-30	1.76E-30																													
BGC0001960																	1.21E-30																														
BGC0001195																	1.03E-30	9.51E-31														4.56E-31							2.65E-29					1.93E-32			
BGC0000020																	1.03E-30							1.04E-29					2.63E-31							1.07E-29			7.12E-29				2.20E-15				
BGC0001912																		2.12E-29																													
BGC0001818																		2.12E-29																													
BGC0001980																		3.02E-30								1.49E-31																	2.20E-31	5.05E-14			
BGC0000997																		2.56E-30								8.27E-31																					
BGC0001384																		1.84E-30		1.90E-30												2.01E-30															
BGC0000435																		1.56E-30																									8.54E-32				
BGC0001196																		1.32E-30																													
BGC0001964																		9.51E-31		7.97E-15												5.28E-30									9.70E-30	3.85E-31	3.57E-31		8.99E-32		
BGC0001215																		9.51E-31																								6.31E-31	8.54E-32	5.79E-32			
BGC0000319																		9.51E-31																													
BGC0001534																		8.06E-31																													
BGC0001920																		6.83E-31																													
BGC0001762																		6.83E-31																													
BGC0001787																			2.67E-11													1.05E-29						6.70E-12					1.40E-31				
BGC0000323																			6.74E-31																												
BGC0000663																				3.67E-30																							7.41E-29				
BGC0001687																				2.62E-31												3.87E-31									1.20E-30		2.41E-31			1.76E-30	
BGC0000531																							8.88E-05																				1.01E-31				
BGC0000533																							4.44E-05																								
BGC0000534																							4.44E-05		0.001349372																0.000105356						
BGC0000552																							3.10E-09															0.002754708						4.38E-11			
BGC0001346																								3.09E-29																			1.19E-31				
BGC0000184																								2.72E-29																							
BGC0001693																								2.30E-29																							
BGC0000340																								6.15E-30																			4.85E-31				
BGC0000026																								5.21E-30																			6.98E-29				
BGC0001827																								5.21E-30		5.24E-30						7.28E-13									2.38E-13		1.52E-30				
BGC0000803																									0.001017851								0.307101825										0.000638454				
BGC0000607																									2.18E-11	0.000578045																					
BGC0000556																										3.75E-11						1.66E-12															
BGC0000758																										1.48E-11																					
BGC0001848																										6.22E-31																					
BGC0001776																										3.79E-31																					
BGC0000386																										2.73E-31																		1.09E-31			
BGC0001650																										2.31E-31																					
BGC0001709																										1.96E-31																					
BGC0001051																										1.66E-31																					
BGC0001509																										1.49E-31																					
BGC0000305																										1.49E-31																					
BGC0000528																												0.000888594																			
BGC0001589																												6.94E-15								6.52E-09											
BGC0001508																													0.000434515																		
BGC0000069																													2.15E-31																		
BGC0000581																															0.007487032																
BGC0000590																															0.000167325																
BGC0000589																															0.000161703										0.00038452						
BGC0000484																																2.82E-29															
BGC0000256																																6.77E-30												6.12E-32			
BGC0000080																																1.45E-30															
BGC0002033																																2.69E-31															
BGC0001119																																1.59E-31															
BGC0000458																																1.59E-31															
BGC0000259																																		8.47E-31									2.16E-30	3.37E-15			
BGC0000415																																			9.94E-15												
BGC0000845																																			2.43E-31									1.39E-32			
BGC0000671																																				4.80E-06								7.27E-31			
BGC0001637																																					0.075581191										
BGC0001601																																						0.001377354						4.61E-06			
BGC0000494																																							1.38E-28								
BGC0001048																																									1.66E-31		1.95E-31				
BGC0001898																																										2.95E-30					
BGC0001156																																										2.95E-30	2.71E-31				
BGC0001140																																										2.95E-30					
BGC0000033																																										1.04E-30	1.65E-31	5.19E-32			
BGC0000586																																											0.00045606				
BGC0001483																																											7.18E-14				
BGC0000491																																											2.33E-29				
BGC0002007																																											3.80E-30				
BGC0001120																																											3.02E-30	5.22E-31			
BGC0000448																																											2.88E-30				
BGC0000162																																											2.73E-30				
BGC0000362																																											1.41E-30				
BGC0000802																																											1.20E-30				
BGC0001424																																											1.13E-30				
BGC0001321																																											3.20E-31				
BGC0000422																																											2.80E-31	2.68E-32			
BGC0000960																																											2.66E-31				
BGC0000119																																											2.66E-31				
BGC0001426																																											2.18E-31				
BGC0001425																																											2.18E-31				
BGC0001457																																											1.40E-31				
BGC0001785																																											8.55E-32	1.34E-32			
BGC0001572																																												1.42E-30			
BGC0001499																																												7.37E-31			
BGC0000065																																												1.18E-31			
BGC0001764																																												1.06E-31			
BGC0001312																																												9.52E-32			
BGC0000158																																												3.73E-32			
BGC0001769																																												3.27E-32			
BGC0000463																																												2.68E-32			
BGC0000797																																												1.39E-32			
BGC0001494																																													5.42E-12		
BGC0001007																																													1.50E-29		
BGC0001101																																														1.07E-30	
BGC0001925																																														2.21E-31	
BGC0001322																																															0.000333359